Workbook
Name A117729353V: Data1!$AV$1:$AV$10,Data1!$AV$143:$AV$241
Name A117729353V_Data: Data1!$AV$143:$AV$241
Name A117729353V_Latest: Data1!$AV$241
Name A2309054F: Data1!$B$1:$B$10,Data1!$B$11:$B$241
Name A2309054F_Data: Data1!$B$11:$B$241
Name A2309054F_Latest: Data1!$B$241
Name A2309055J: Data1!$F$1:$F$10,Data1!$F$12:$F$241
Name A2309055J_Data: Data1!$F$12:$F$241
Name A2309055J_Latest: Data1!$F$241
Name A2309056K: Data1!$I$1:$I$10,Data1!$I$15:$I$241
Name A2309056K_Data: Data1!$I$15:$I$241
Name A2309056K_Latest: Data1!$I$241
Name A2309057L: Data1!$L$1:$L$10,Data1!$L$122:$L$241
Name A2309057L_Data: Data1!$L$122:$L$241
Name A2309057L_Latest: Data1!$L$241
Name A2309060A: Data1!$T$1:$T$10,Data1!$T$122:$T$241
Name A2309060A_Data: Data1!$T$122:$T$241
Name A2309060A_Latest: Data1!$T$241
Name A2309063J: Data1!$U$1:$U$10,Data1!$U$122:$U$241
Name A2309063J_Data: Data1!$U$122:$U$241
Name A2309063J_Latest: Data1!$U$241
Name A2309066R: Data1!$V$1:$V$10,Data1!$V$122:$V$241
Name A2309066R_Data: Data1!$V$122:$V$241
Name A2309066R_Latest: Data1!$V$241
Name A2309069W: Data1!$W$1:$W$10,Data1!$W$122:$W$241
Name A2309069W_Data: Data1!$W$122:$W$241
Name A2309069W_Latest: Data1!$W$241
Name A2309072K: Data1!$X$1:$X$10,Data1!$X$122:$X$241
Name A2309072K_Data: Data1!$X$122:$X$241
Name A2309072K_Latest: Data1!$X$241
Name A2309075T: Data1!$AA$1:$AA$10,Data1!$AA$122:$AA$241
Name A2309075T_Data: Data1!$AA$122:$AA$241
Name A2309075T_Latest: Data1!$AA$241
Name A2309084V: Data1!$AQ$1:$AQ$10,Data1!$AQ$122:$AQ$241
Name A2309084V_Data: Data1!$AQ$122:$AQ$241
Name A2309084V_Latest: Data1!$AQ$241
Name A2309099K: Data1!$O$1:$O$10,Data1!$O$122:$O$241
Name A2309099K_Data: Data1!$O$122:$O$241
Name A2309099K_Latest: Data1!$O$241
Name A2309102L: Data1!$Q$1:$Q$10,Data1!$Q$122:$Q$241
Name A2309102L_Data: Data1!$Q$122:$Q$241
Name A2309102L_Latest: Data1!$Q$241
Name A2309105V: Data1!$R$1:$R$10,Data1!$R$122:$R$241
Name A2309105V_Data: Data1!$R$122:$R$241
Name A2309105V_Latest: Data1!$R$241
Name A2309108A: Data1!$S$1:$S$10,Data1!$S$122:$S$241
Name A2309108A_Data: Data1!$S$122:$S$241
Name A2309108A_Latest: Data1!$S$241
Name A2309126F: Data1!$Y$1:$Y$10,Data1!$Y$122:$Y$241
Name A2309126F_Data: Data1!$Y$122:$Y$241
Name A2309126F_Latest: Data1!$Y$241
Name A2309129L: Data1!$Z$1:$Z$10,Data1!$Z$122:$Z$241
Name A2309129L_Data: Data1!$Z$122:$Z$241
Name A2309129L_Latest: Data1!$Z$241
Name A2309135J: Data1!$AE$1:$AE$10,Data1!$AE$122:$AE$241
Name A2309135J_Data: Data1!$AE$122:$AE$241
Name A2309135J_Latest: Data1!$AE$241
Name A2309138R: Data1!$AC$1:$AC$10,Data1!$AC$122:$AC$241
Name A2309138R_Data: Data1!$AC$122:$AC$241
Name A2309138R_Latest: Data1!$AC$241

Sheet Index
B2: Time Series Workbook
B5: 6427.0 Producer Price Indexes, Australia
B6: Table 13. Inputs from selected Subdivisions and Groups to the Manufacturing Division, index numbers and percentage changes
D8: Enquiries
A10: Data Item Description | D10: Series Type | E10: Series ID | F10: Series Start | G10: Series End | H10: No. Obs. | I10: Unit | J10: Data Type | K10: Freq. | L10: Collection Month
A12: Index Numbers ; Manufacturing division ; | D12: Original | E12: A2309054F | F12: 25082 | G12: 46082 | H12: 231 | I12: Index Numbers | J12: INDEX | K12: Quarter | L12: 3
A13: Index Numbers ; Imported materials ; | D13: Original | E13: A2313785L | F13: 25082 | G13: 46082 | H13: 231 | I13: Index Numbers | J13: INDEX | K13: Quarter | L13: 3
A14: Index Numbers ; Domestic materials ; | D14: Original | E14: A2313788V | F14: 25082 | G14: 46082 | H14: 231 | I14: Index Numbers | J14: INDEX | K14: Quarter | L14: 3
A15: Index Numbers ; Manufact. div. less petroleum ; | D15: Original | E15: A2313704X | F15: 32021 | G15: 46082 | H15: 155 | I15: Index Numbers | J15: INDEX | K15: Quarter | L15: 3
A16: Percentage change from previous quarter ; Manufacturing division ; | D16: Original | E16: A2309055J | F16: 25173 | G16: 46082 | H16: 230 | I16: Percent | J16: PERCENT | K16: Quarter | L16: 3
A17: Percentage change from previous quarter ; Imported materials ; | D17: Original | E17: A2313786R | F17: 25173 | G17: 46082 | H17: 230 | I17: Percent | J17: PERCENT | K17: Quarter | L17: 3
A18: Percentage change from previous quarter ; Domestic materials ; | D18: Original | E18: A2313789W | F18: 25173 | G18: 46082 | H18: 230 | I18: Percent | J18: PERCENT | K18: Quarter | L18: 3
A19: Percentage change from corresponding quarter of previous year ; Manufacturing division ; | D19: Original | E19: A2309056K | F19: 25447 | G19: 46082 | H19: 227 | I19: Percent | J19: PERCENT | K19: Quarter | L19: 3
A20: Percentage change from corresponding quarter of previous year ; Imported materials ; | D20: Original | E20: A2313787T | F20: 25447 | G20: 46082 | H20: 227 | I20: Percent | J20: PERCENT | K20: Quarter | L20: 3
A21: Percentage change from corresponding quarter of previous year ; Domestic materials ; | D21: Original | E21: A2313790F | F21: 25447 | G21: 46082 | H21: 227 | I21: Percent | J21: PERCENT | K21: Quarter | L21: 3
A22: Index Numbers ; Agriculture to Manufacturing ; | D22: Original | E22: A2309057L | F22: 35217 | G22: 46082 | H22: 120 | I22: Index Numbers | J22: INDEX | K22: Quarter | L22: 3
A23: Index Numbers ; Mushroom and vegetable growing ; | D23: Original | E23: A3343966C | F23: 37135 | G23: 46082 | H23: 99 | I23: Index Numbers | J23: INDEX | K23: Quarter | L23: 3
... A73: Index Numbers ; Electricity ; | D73: Original | E73: A2309192C | F73: 25628 | G73: 46082 | H73: 225 | I73: Index Numbers | J73: INDEX | K73: Quarter | L73: 3
A75: © Commonwealth of Australia 2026

Sheet Data1
B1: Index Numbers ; Manufacturing division ; | C1: Index Numbers ; Imported materials ; | D1: Index Numbers ; Domestic materials ; | E1: Index Numbers ; Manufact. div. less petroleum ; | F1: Percentage change from previous quarter ; Manufacturing division ; | G1: Percentage change from previous quarter ; Imported materials ; | H1: Percentage change from previous quarter ; Domestic materials ; | I1: Percentage change from corresponding quarter of previous year ; Manufacturing division ; | J1: Percentage change from corresponding quarter of previous year ; Imported materials ; | K1: Percentage change from corresponding quarter of previous year ; Domestic materials ; | L1: Index Numbers ; Agriculture to Manufacturing ; | M1: Index Numbers ; Mushroom and vegetable growing ; | N1: Index Numbers ; Fruit and tree nut growing ; | O1: Index Numbers ; Sheep, beef cattle and grain farming ; | P1: Index Numbers ; Other crop growing ; | Q1: Index Numbers ; Dairy cattle farming ; | R1: Index Numbers ; Poultry farming ; | S1: Index Numbers ; Other livestock farming ; | T1: Index Numbers ; Forestry and logging ; | U1: Index Numbers ; Coal mining ; | V1: Index Numbers ; Oil and gas extraction ; | W1: Index Numbers ; Metal ore mining ; | X1: Index Numbers ; Non-metallic mineral mining and quarrying ; | Y1: Index Numbers ; Construction material mining ; | Z1: Index Numbers ; Other non-metallic mineral mining and quarrying ; | AA1: Index Numbers ; Textile, leather, clothing and footwear ; | AB1: Index Numbers ; Textiles ; | AC1: Index Numbers ; Leather tanning, fur dressing and leather products ; | AD1: Index Numbers ; Textile products ; | AE1: Index Numbers ; Knitted products ; | AF1: Index Numbers ; Wood products ; | AG1: Index Numbers ; Log sawmilling and timber dressing ; | AH1: Index Numbers ; Other wood products ; | AI1: Index Numbers ; Pulp, paper and converted paper products ; | AJ1: Index Numbers ; Petroleum and coal products ; | AK1: Index Numbers ; Basic chemical and chemical products ; | AL1: Index Numbers ; Basic chemicals ; | AM1: Index Numbers ; Other basic chemical products ; | AN1: Index Numbers ; Polymer product and rubber products ; | AO1: Index Numbers ; Polymer products ; | AP1: Index Numbers ; Natural rubber products ; | AQ1: Index Numbers ; Non-metallic mineral products ; | AR1: Index Numbers ; Glass and glass products ; | AS1: Index Numbers ; Primary metal and metal products ; | AT1: Index Numbers ; Basic ferrous metals ; | AU1: Index Numbers ; Basic ferrous metal products ; | AV1: Index Numbers ; Basic non-ferrous metals ; | AW1: Index Numbers ; Basic non-ferrous metal products ; | AX1: Index Numbers ; Fabricated metal products ; | AY1: Index Numbers ; Transport equipment ; | AZ1: Index Numbers ; Motor vehicles and motor vehicle parts ; | BA1: Index Numbers ; Other transport equipment ; | BB1: Index Numbers ; Machinery and equipment ; | BC1: Index Numbers ; Professional and scientific equipment ; | BD1: Index Numbers ; Computer and electronic equipment ; | BE1: Index Numbers ; Electrical equipment ; | BF1: Index Numbers ; Domestic appliances ; | BG1: Index Numbers ; Pump, compressor, heating and ventilation equipment ; | BH1: Index Numbers ; Specialised machinery and equipment ; | BI1: Index Numbers ; Other machinery and equipment ; | BJ1: Index Numbers ; Natural gas ; | BK1: Index Numbers ; Electricity ;
A2: Unit | B2: Index Numbers | C2: Index Numbers | D2: Index Numbers | E2: Index Numbers | F2: Percent | G2: Percent | H2: Percent | I2: Percent | J2: Percent | K2: Percent | L2: Index Numbers | M2: Index Numbers | N2: Index Numbers | O2: Index Numbers | P2: Index Numbers | Q2: Index Numbers | R2: Index Numbers | S2: Index Numbers | T2: Index Numbers | U2: Index Numbers | V2: Index Numbers | W2: Index Numbers | X2: Index Numbers | Y2: Index Numbers | Z2: Index Numbers | AA2: Index Numbers | AB2: Index Numbers | AC2: Index Numbers | AD2: Index Numbers | AE2: Index Numbers | AF2: Index Numbers | AG2: Index Numbers | AH2: Index Numbers | AI2: Index Numbers | AJ2: Index Numbers | AK2: Index Numbers | AL2: Index Numbers | AM2: Index Numbers | AN2: Index Numbers | AO2: Index Numbers | AP2: Index Numbers | AQ2: Index Numbers | AR2: Index Numbers | AS2: Index Numbers | AT2: Index Numbers | AU2: Index Numbers | AV2: Index Numbers | AW2: Index Numbers | AX2: Index Numbers | AY2: Index Numbers | AZ2: Index Numbers | BA2: Index Numbers | BB2: Index Numbers | BC2: Index Numbers | BD2: Index Numbers | BE2: Index Numbers | BF2: Index Numbers | BG2: Index Numbers | BH2: Index Numbers | BI2: Index Numbers | BJ2: Index Numbers | BK2: Index Numbers
A3: Series Type | B3: Original | C3: Original | D3: Original | E3: Original | F3: Original | G3: Original | H3: Original | I3: Original | J3: Original | K3: Original | L3: Original | M3: Original | N3: Original | O3: Original | P3: Original | Q3: Original | R3: Original | S3: Original | T3: Original | U3: Original | V3: Original | W3: Original | X3: Original | Y3: Original | Z3: Original | AA3: Original | AB3: Original | AC3: Original | AD3: Original | AE3: Original | AF3: Original | AG3: Original | AH3: Original | AI3: Original | AJ3: Original | AK3: Original | AL3: Original | AM3: Original | AN3: Original | AO3: Original | AP3: Original | AQ3: Original | AR3: Original | AS3: Original | AT3: Original | AU3: Original | AV3: Original | AW3: Original | AX3: Original | AY3: Original | AZ3: Original | BA3: Original | BB3: Original | BC3: Original | BD3: Original | BE3: Original | BF3: Original | BG3: Original | BH3: Original | BI3: Original | BJ3: Original | BK3: Original
A4: Data Type | B4: INDEX | C4: INDEX | D4: INDEX | E4: INDEX | F4: PERCENT | G4: PERCENT | H4: PERCENT | I4: PERCENT | J4: PERCENT | K4: PERCENT | L4: INDEX | M4: INDEX | N4: INDEX | O4: INDEX | P4: INDEX | Q4: INDEX | R4: INDEX | S4: INDEX | T4: INDEX | U4: INDEX | V4: INDEX | W4: INDEX | X4: INDEX | Y4: INDEX | Z4: INDEX | AA4: INDEX | AB4: INDEX | AC4: INDEX | AD4: INDEX | AE4: INDEX | AF4: INDEX | AG4: INDEX | AH4: INDEX | AI4: INDEX | AJ4: INDEX | AK4: INDEX | AL4: INDEX | AM4: INDEX | AN4: INDEX | AO4: INDEX | AP4: INDEX | AQ4: INDEX | AR4: INDEX | AS4: INDEX | AT4: INDEX | AU4: INDEX | AV4: INDEX | AW4: INDEX | AX4: INDEX | AY4: INDEX | AZ4: INDEX | BA4: INDEX | BB4: INDEX | BC4: INDEX | BD4: INDEX | BE4: INDEX | BF4: INDEX | BG4: INDEX | BH4: INDEX | BI4: INDEX | BJ4: INDEX | BK4: INDEX
A5: Frequency | B5: Quarter | C5: Quarter | D5: Quarter | E5: Quarter | F5: Quarter | G5: Quarter | H5: Quarter | I5: Quarter | J5: Quarter | K5: Quarter | L5: Quarter | M5: Quarter | N5: Quarter | O5: Quarter | P5: Quarter | Q5: Quarter | R5: Quarter | S5: Quarter | T5: Quarter | U5: Quarter | V5: Quarter | W5: Quarter | X5: Quarter | Y5: Quarter | Z5: Quarter | AA5: Quarter | AB5: Quarter | AC5: Quarter | AD5: Quarter | AE5: Quarter | AF5: Quarter | AG5: Quarter | AH5: Quarter | AI5: Quarter | AJ5: Quarter | AK5: Quarter | AL5: Quarter | AM5: Quarter | AN5: Quarter | AO5: Quarter | AP5: Quarter | AQ5: Quarter | AR5: Quarter | AS5: Quarter | AT5: Quarter | AU5: Quarter | AV5: Quarter | AW5: Quarter | AX5: Quarter | AY5: Quarter | AZ5: Quarter | BA5: Quarter | BB5: Quarter | BC5: Quarter | BD5: Quarter | BE5: Quarter | BF5: Quarter | BG5: Quarter | BH5: Quarter | BI5: Quarter | BJ5: Quarter | BK5: Quarter
A6: Collection Month | B6: 3 | C6: 3 | D6: 3 | E6: 3 | F6: 3 | G6: 3 | H6: 3 | I6: 3 | J6: 3 | K6: 3 | L6: 3 | M6: 3 | N6: 3 | O6: 3 | P6: 3 | Q6: 3 | R6: 3 | S6: 3 | T6: 3 | U6: 3 | V6: 3 | W6: 3 | X6: 3 | Y6: 3 | Z6: 3 | AA6: 3 | AB6: 3 | AC6: 3 | AD6: 3 | AE6: 3 | AF6: 3 | AG6: 3 | AH6: 3 | AI6: 3 | AJ6: 3 | AK6: 3 | AL6: 3 | AM6: 3 | AN6: 3 | AO6: 3 | AP6: 3 | AQ6: 3 | AR6: 3 | AS6: 3 | AT6: 3 | AU6: 3 | AV6: 3 | AW6: 3 | AX6: 3 | AY6: 3 | AZ6: 3 | BA6: 3 | BB6: 3 | BC6: 3 | BD6: 3 | BE6: 3 | BF6: 3 | BG6: 3 | BH6: 3 | BI6: 3 | BJ6: 3 | BK6: 3
A7: Series Start | B7: 25082 | C7: 25082 | D7: 25082 | E7: 32021 | F7: 25173 | G7: 25173 | H7: 25173 | I7: 25447 | J7: 25447 | K7: 25447 | L7: 35217 | M7: 37135 | N7: 37135 | O7: 35217 | P7: 37135 | Q7: 35217 | R7: 35217 | S7: 35217 | T7: 35217 | U7: 35217 | V7: 35217 | W7: 35217 | X7: 35217 | Y7: 35217 | Z7: 35217 | AA7: 35217 | AB7: 37135 | AC7: 35217 | AD7: 37135 | AE7: 35217 | AF7: 37135 | AG7: 35217 | AH7: 35217 | AI7: 35217 | AJ7: 37135 | AK7: 37135 | AL7: 35217 | AM7: 37135 | AN7: 37135 | AO7: 37135 | AP7: 35217 | AQ7: 35217 | AR7: 35217 | AS7: 37135 | AT7: 37135 | AU7: 37135 | AV7: 37135 | AW7: 37135 | AX7: 35217 | AY7: 37135 | AZ7: 35217 | BA7: 35217 | BB7: 37135 | BC7: 35217 | BD7: 35217 | BE7: 37135 | BF7: 37135 | BG7: 37135 | BH7: 37135 | BI7: 37135 | BJ7: 25628 | BK7: 25628
A8: Series End | B8: 46082 | C8: 46082 | D8: 46082 | E8: 46082 | F8: 46082 | G8: 46082 | H8: 46082 | I8: 46082 | J8: 46082 | K8: 46082 | L8: 46082 | M8: 46082 | N8: 46082 | O8: 46082 | P8: 46082 | Q8: 46082 | R8: 46082 | S8: 46082 | T8: 46082 | U8: 46082 | V8: 46082 | W8: 46082 | X8: 46082 | Y8: 46082 | Z8: 46082 | AA8: 46082 | AB8: 46082 | AC8: 46082 | AD8: 46082 | AE8: 46082 | AF8: 46082 | AG8: 46082 | AH8: 46082 | AI8: 46082 | AJ8: 46082 | AK8: 46082 | AL8: 46082 | AM8: 46082 | AN8: 46082 | AO8: 46082 | AP8: 46082 | AQ8: 46082 | AR8: 46082 | AS8: 46082 | AT8: 46082 | AU8: 46082 | AV8: 46082 | AW8: 46082 | AX8: 46082 | AY8: 46082 | AZ8: 46082 | BA8: 46082 | BB8: 46082 | BC8: 46082 | BD8: 46082 | BE8: 46082 | BF8: 46082 | BG8: 46082 | BH8: 46082 | BI8: 46082 | BJ8: 46082 | BK8: 46082
A9: No. Obs | B9: 231 | C9: 231 | D9: 231 | E9: 155 | F9: 230 | G9: 230 | H9: 230 | I9: 227 | J9: 227 | K9: 227 | L9: 120 | M9: 99 | N9: 99 | O9: 120 | P9: 99 | Q9: 120 | R9: 120 | S9: 120 | T9: 120 | U9: 120 | V9: 120 | W9: 120 | X9: 120 | Y9: 120 | Z9: 120 | AA9: 120 | AB9: 99 | AC9: 120 | AD9: 99 | AE9: 120 | AF9: 99 | AG9: 120 | AH9: 120 | AI9: 120 | AJ9: 99 | AK9: 99 | AL9: 120 | AM9: 99 | AN9: 99 | AO9: 99 | AP9: 120 | AQ9: 120 | AR9: 120 | AS9: 99 | AT9: 99 | AU9: 99 | AV9: 99 | AW9: 99 | AX9: 120 | AY9: 99 | AZ9: 120 | BA9: 120 | BB9: 99 | BC9: 120 | BD9: 120 | BE9: 99 | BF9: 99 | BG9: 99 | BH9: 99 | BI9: 99 | BJ9: 225 | BK9: 225
A10: Series ID | B10: A2309054F | C10: A2313785L | D10: A2313788V | E10: A2313704X | F10: A2309055J | G10: A2313786R | H10: A2313789W | I10: A2309056K | J10: A2313787T | K10: A2313790F | L10: A2309057L | M10: A3343966C | N10: A3343968J | O10: A2309099K | P10: A3343970V | Q10: A2309102L | R10: A2309105V | S10: A2309108A | T10: A2309060A | U10: A2309063J | V10: A2309066R | W10: A2309069W | X10: A2309072K | Y10: A2309126F | Z10: A2309129L | AA10: A2309075T | AB10: A3343972X | AC10: A2309138R | AD10: A3343974C | AE10: A2309135J | AF10: A3343976J | AG10: A2309141C | AH10: A2309144K | AI10: A2309147T | AJ10: A3343978L | AK10: A3343980X | AL10: A2309150F | AM10: A3343982C | AN10: A3343984J | AO10: A3343986L | AP10: A2309156V | AQ10: A2309084V | AR10: A2309162R | AS10: A3343988T | AT10: A3343990C | AU10: A3343992J | AV10: A117729353V | AW10: A3343994L | AX10: A2309171T | AY10: A3343996T | AZ10: A2309174X | BA10: A2309177F | BB10: A3343998W | BC10: A2309180V | BD10: A2309183A | BE10: A3344000X | BF10: A3344002C | BG10: A3344004J | BH10: A3344006L | BI10: A3344008T | BJ10: A2309195K | BK10: A2309192C
A11: 25082 | B11: 10.7 | C11: 9.9 | D11: 10.9
A12: 25173 | B12: 10.3 | C12: 9.8 | D12: 10.5 | F12: -3.7 | G12: -1 | H12: -3.7
A13: 25263 | B13: 10.5 | C13: 9.9 | D13: 10.7 | F13: 1.9 | G13: 1 | H13: 1.9
A14: 25355 | B14: 10.8 | C14: 9.9 | D14: 11 | F14: 2.9 | G14: 0 | H14: 2.8
A15: 25447 | B15: 10.9 | C15: 9.9 | D15: 11.2 | F15: 0.9 | G15: 0 | H15: 1.8 | I15: 1.9 | J15: 0 | K15: 2.8
A16: 25538 | B16: 10.7 | C16: 9.9 | D16: 11 | F16: -1.8 | G16: 0 | H16: -1.8 | I16: 3.9 | J16: 1 | K16: 4.8
A17: 25628 | B17: 10.8 | C17: 9.9 | D17: 11.1 | F17: 0.9 | G17: 0 | H17: 0.9 | I17: 2.9 | J17: 0 | K17: 3.7 | BJ17: 17.9 | BK17: 11.8
A18: 25720 | B18: 10.9 | C18: 9.9 | D18: 11.2 | F18: 0.9 | G18: 0 | H18: 0.9 | I18: 0.9 | J18: 0 | K18: 1.8 | BJ18: 15.6 | BK18: 12
A19: 25812 | B19: 10.7 | C19: 9.9 | D19: 10.9 | F19: -1.8 | G19: 0 | H19: -2.7 | I19: -1.8 | J19: 0 | K19: -2.7 | BJ19: 14.7 | BK19: 12.3
A20: 25903 | B20: 10.4 | C20: 10 | D20: 10.5 | F20: -2.8 | G20: 1 | H20: -3.7 | I20: -2.8 | J20: 1 | K20: -4.5 | BJ20: 13.7 | BK20: 12.2
A21: 25993 | B21: 10.6 | C21: 10.2 | D21: 10.6 | F21: 1.9 | G21: 2 | H21: 1 | I21: -1.9 | J21: 3 | K21: -4.5 | BJ21: 12.9 | BK21: 12.2
A22: 26085 | B22: 10.7 | C22: 10.3 | D22: 10.8 | F22: 0.9 | G22: 1 | H22: 1.9 | I22: -1.8 | J22: 4 | K22: -3.6 | BJ22: 12.7 | BK22: 12.2
A23: 26177 | B23: 11 | C23: 10.3 | D23: 11.2 | F23: 2.8 | G23: 0 | H23: 3.7 | I23: 2.8 | J23: 4 | K23: 2.8 | BJ23: 13 | BK23: 12.4
A24: 26268 | B24: 10.7 | C24: 10.3 | D24: 10.8 | F24: -2.7 | G24: 0 | H24: -3.6 | I24: 2.9 | J24: 3 | K24: 2.9 | BJ24: 12.1 | BK24: 12.4
A25: 26359 | B25: 10.8 | C25: 10.2 | D25: 11 | F25: 0.9 | G25: -1 | H25: 1.9 | I25: 1.9 | J25: 0 | K25: 3.8 | BJ25: 12.1 | BK25: 12.7
A26: 26451 | B26: 10.9 | C26: 10.3 | D26: 11 | F26: 0.9 | G26: 1 | H26: 0 | I26: 1.9 | J26: 0 | K26: 1.9 | BJ26: 11.3 | BK26: 12.5
A27: 26543 | B27: 11.5 | C27: 10.3 | D27: 11.8 | F27: 5.5 | G27: 0 | H27: 7.3 | I27: 4.5 | J27: 0 | K27: 5.4 | BJ27: 11.6 | BK27: 12.8
A28: 26634 | B28: 11.5 | C28: 10.5 | D28: 11.9 | F28: 0 | G28: 1.9 | H28: 0.8 | I28: 7.5 | J28: 1.9 | K28: 10.2 | BJ28: 10.9 | BK28: 12.6
... A86: 31929 | B86: 48.3 | C86: 59.6 | D86: 43.2 | F86: 0.4 | G86: -1.5 | H86: 1.4 | I86: 14.5 | J86: 10.2 | K86: 17.1 | BJ86: 43.7 | BK86: 48.2
A87: 32021 | B87: 48.8 | C87: 59.8 | D87: 44 | E87: 52.5 | F87: 1 | G87: 0.3 | H87: 1.9 | I87: 8.9 | J87: 1.9 | K87: 14 | BJ87: 42.9 | BK87: 49.8
A88: 32112 | B88: 49.1 | C88: 61 | D88: 43.9 | E88: 53.1 | F88: 0.6 | G88: 2 | H88: -0.2 | I88: 4.5 | J88: 1.7 | K88: 6.6 | BJ88: 44.7 | BK88: 49.9
A89: 32203 | B89: 50.1 | C89: 62 | D89: 44.8 | E89: 55.1 | F89: 2 | G89: 1.6 | H89: 2.1 | I89: 4.2 | J89: 2.5 | K89: 5.2 | BJ89: 45.5 | BK89: 49.9
A90: 32295 | B90: 50.6 | C90: 61.2 | D90: 45.9 | E90: 56.6 | F90: 1 | G90: -1.3 | H90: 2.5 | I90: 4.8 | J90: 2.7 | K90: 6.3 | BJ90: 45.4 | BK90: 50.5
A91: 32387 | B91: 50 | C91: 59.8 | D91: 45.8 | E91: 56.9 | F91: -1.2 | G91: -2.3 | H91: -0.2 | I91: 2.5 | J91: 0 | K91: 4.1 | BJ91: 47.4 | BK91: 52.4
A92: 32478 | B92: 48.7 | C92: 58.2 | D92: 44.5 | E92: 56.9 | F92: -2.6 | G92: -2.7 | H92: -2.8 | I92: -0.8 | J92: -4.6 | K92: 1.4 | BJ92: 48.7 | BK92: 52.5
A93: 32568 | B93: 50 | C93: 58.1 | D93: 46.5 | E93: 56.9 | F93: 2.7 | G93: -0.2 | H93: 4.5 | I93: -0.2 | J93: -6.3 | K93: 3.8 | BJ93: 49.7 | BK93: 52.8
A94: 32660 | B94: 52.9 | C94: 61 | D94: 49.3 | E94: 59.3 | F94: 5.8 | G94: 5 | H94: 6 | I94: 4.5 | J94: -0.3 | K94: 7.4 | BJ94: 49.9 | BK94: 53
A95: 32752 | B95: 53 | C95: 61.7 | D95: 49.2 | E95: 59.2 | F95: 0.2 | G95: 1.1 | H95: -0.2 | I95: 6 | J95: 3.2 | K95: 7.4 | BJ95: 53.2 | BK95: 54.8
A96: 32843 | B96: 52.6 | C96: 61 | D96: 48.9 | E96: 58.5 | F96: -0.8 | G96: -1.1 | H96: -0.6 | I96: 8 | J96: 4.8 | K96: 9.9 | BJ96: 53.3 | BK96: 54.9
A97: 32933 | B97: 53.7 | C97: 62.2 | D97: 50 | E97: 59.2 | F97: 2.1 | G97: 2 | H97: 2.2 | I97: 7.4 | J97: 7.1 | K97: 7.5 | BJ97: 53.6 | BK97: 55.3
A98: 33025 | B98: 52.8 | C98: 61.4 | D98: 49 | E98: 59.6 | F98: -1.7 | G98: -1.3 | H98: -2 | I98: -0.2 | J98: 0.7 | K98: -0.6 | BJ98: 53.9 | BK98: 55.1
... A121: 35125 | B121: 58.7 | C121: 72.8 | D121: 52.6 | E121: 65.5 | F121: 0.7 | G121: -0.4 | H121: 1.3 | I121: 2.4 | J121: 5.4 | K121: 1 | BJ121: 57.9 | BK121: 59.8
A122: 35217 | B122: 57.4 | C122: 70.2 | D122: 51.8 | E122: 64.2 | F122: -2.2 | G122: -3.6 | H122: -1.5 | I122: -3.7 | J122: -4.7 | K122: -3.2 | L122: 59.8 | O122: 54.3 | Q122: 58.5 | R122: 73.5 | S122: 75.6 | T122: 63.3 | U122: 23.2 | V122: 25.9 | W122: 30.7 | X122: 59 | Y122: 53 | Z122: 71.5 | AA122: 100.8 | AC122: 123.3 | AE122: 122.3 | AG122: 56.7 | AH122: 69.1 | AI122: 110.5 | AL122: 91.2 | AP122: 117.7 | AQ122: 124.3 | AR122: 124.2 | AX122: 94.4 | AZ122: 91.9 | BA122: 65.7 | BC122: 96.5 | BD122: 253 | BJ122: 58.1 | BK122: 58.9
A123: 35309 | B123: 56.3 | C123: 68.3 | D123: 51 | E123: 62.5 | F123: -1.9 | G123: -2.7 | H123: -1.5 | I123: -4.6 | J123: -7.6 | K123: -2.9 | L123: 56.9 | O123: 52.3 | Q123: 49.9 | R123: 73.9 | S123: 77.4 | T123: 64.5 | U123: 23.9 | V123: 27 | W123: 29.6 | X123: 58.7 | Y123: 52 | Z123: 72.7 | AA123: 98 | AC123: 124.1 | AE123: 122.8 | AG123: 57 | AH123: 68.9 | AI123: 104.7 | AL123: 89.3 | AP123: 117.8 | AQ123: 125.6 | AR123: 125.4 | AX123: 90.3 | AZ123: 91.6 | BA123: 66.6 | BC123: 96.1 | BD123: 252.3 | BJ123: 58.6 | BK123: 59.5
A124: 35400 | B124: 56.3 | C124: 67.5 | D124: 51.3 | E124: 61.2 | F124: 0 | G124: -1.2 | H124: 0.6 | I124: -3.4 | J124: -7.7 | K124: -1.2 | L124: 54.8 | O124: 48.4 | Q124: 49.6 | R124: 74.4 | S124: 81.2 | T124: 64.7 | U124: 23.3 | V124: 31.1 | W124: 29.1 | X124: 58.4 | Y124: 51.3 | Z124: 73.1 | AA124: 95.4 | AC124: 123.3 | AE124: 124.8 | AG124: 57.9 | AH124: 68.9 | AI124: 101.9 | AL124: 86.5 | AP124: 121 | AQ124: 124.9 | AR124: 124.8 | AX124: 88.1 | AZ124: 90.1 | BA124: 67.4 | BC124: 95.9 | BD124: 248.1 | BJ124: 59 | BK124: 59.1
A125: 35490 | B125: 56.4 | C125: 67.1 | D125: 51.8 | E125: 61.3 | F125: 0.2 | G125: -0.6 | H125: 1 | I125: -3.9 | J125: -7.8 | K125: -1.5 | L125: 55.1 | O125: 48.7 | Q125: 51.5 | R125: 72.4 | S125: 79.3 | T125: 63.9 | U125: 23.4 | V125: 31.3 | W125: 30 | X125: 59.1 | Y125: 52.3 | Z125: 73.3 | AA125: 95.7 | AC125: 122 | AE125: 127.1 | AG125: 59.7 | AH125: 69.5 | AI125: 99.7 | AL125: 85.6 | AP125: 122.9 | AQ125: 124.1 | AR125: 124 | AX125: 87.8 | AZ125: 88.7 | BA125: 69.3 | BC125: 94.9 | BD125: 247.4 | BJ125: 58.8 | BK125: 59.5
A126: 35582 | B126: 55.9 | C126: 66.6 | D126: 51.2 | E126: 62 | F126: -0.9 | G126: -0.7 | H126: -1.2 | I126: -2.6 | J126: -5.1 | K126: -1.2 | L126: 56.8 | O126: 52 | Q126: 53.9 | R126: 71.4 | S126: 66.3 | T126: 65 | U126: 23.9 | V126: 27.2 | W126: 30.6 | X126: 59.8 | Y126: 52.8 | Z126: 74.2 | AA126: 96.6 | AC126: 122.6 | AE126: 128.8 | AG126: 61.6 | AH126: 69.7 | AI126: 98.9 | AL126: 85.4 | AP126: 122.7 | AQ126: 119.4 | AR126: 119.3 | AX126: 87.6 | AZ126: 88.4 | BA126: 70 | BC126: 94.4 | BD126: 246.8 | BJ126: 58.2 | BK126: 59.7
A127: 35674 | B127: 56.5 | C127: 67.7 | D127: 51.5 | E127: 62.9 | F127: 1.1 | G127: 1.7 | H127: 0.6 | I127: 0.4 | J127: -0.9 | K127: 1 | L127: 58 | O127: 54.4 | Q127: 51.4 | R127: 72.9 | S127: 69.1 | T127: 64.9 | U127: 24.6 | V127: 26.6 | W127: 30.6 | X127: 59.8 | Y127: 52.7 | Z127: 74.2 | AA127: 98.4 | AC127: 121.7 | AE127: 131.7 | AG127: 64.6 | AH127: 70.1 | AI127: 100.6 | AL127: 87.4 | AP127: 122.5 | AQ127: 114.4 | AR127: 114.3 | AX127: 91.3 | AZ127: 92.1 | BA127: 73.2 | BC127: 94.6 | BD127: 254.9 | BJ127: 58.9 | BK127: 59.7
A128: 35765 | B128: 66.2 | C128: 81.1 | D128: 61.7 | E128: 69.4 | L128: 58.1 | O128: 55 | Q128: 49.7 | R128: 73.5 | S128: 69.9 | T128: 64.8 | U128: 24.6 | V128: 29.5 | W128: 29.6 | X128: 60.1 | Y128: 52.6 | Z128: 75.4 | AA128: 100.5 | AC128: 121.7 | AE128: 131.7 | AG128: 67.4 | AH128: 73.7 | AI128: 105.3 | AL128: 87.7 | AP128: 119.9 | AQ128: 111.5 | AR128: 111.4 | AX128: 94.1 | AZ128: 93.9 | BA128: 77.6 | BC128: 97 | BD128: 259.8 | BJ128: 59.5 | BK128: 58.4
A129: 35855 | B129: 65.7 | C129: 82.3 | D129: 60.5 | E129: 69.7 | F129: -0.8 | G129: 1.5 | H129: -1.9 | L129: 58.6 | O129: 55.2 | Q129: 52.5 | R129: 74.7 | S129: 64.5 | T129: 65.6 | U129: 24.6 | V129: 23.8 | W129: 29.7 | X129: 60.1 | Y129: 52.6 | Z129: 75.6 | AA129: 99.6 | AC129: 121.9 | AE129: 143.3 | AG129: 69.8 | AH129: 75.1 | AI129: 107.6 | AL129: 85.9 | AP129: 118.8 | AQ129: 126.7 | AR129: 126.6 | AX129: 97.8 | AZ129: 97.3 | BA129: 80.8 | BC129: 95.1 | BD129: 263.7 | BJ129: 57.3 | BK129: 58.4
A130: 35947 | B130: 66.3 | C130: 83.3 | D130: 61 | E130: 70.3 | F130: 0.9 | G130: 1.2 | H130: 0.8 | L130: 58.1 | O130: 54.1 | Q130: 55.3 | R130: 73.3 | S130: 53.4 | T130: 65.8 | U130: 27.3 | V130: 24 | W130: 30.4 | X130: 60.7 | Y130: 52.8 | Z130: 76.9 | AA130: 99.3 | AC130: 122.3 | AE130: 151.6 | AG130: 70.9 | AH130: 76.3 | AI130: 109.6 | AL130: 90.1 | AP130: 114.8 | AQ130: 126.3 | AR130: 126.1 | AX130: 100.1 | AZ130: 100.1 | BA130: 83.9 | BC130: 95.8 | BD130: 254.3 | BJ130: 57.3 | BK130: 58.1
A131: 36039 | B131: 66.8 | C131: 85.1 | D131: 61.1 | E131: 71.1 | F131: 0.8 | G131: 2.2 | H131: 0.2 | L131: 58.8 | O131: 55.7 | Q131: 53.9 | R131: 72.9 | S131: 53.8 | T131: 67 | U131: 28.7 | V131: 22.5 | W131: 30.9 | X131: 61.1 | Y131: 51.7 | Z131: 80.4 | AA131: 101.8 | AC131: 123.1 | AE131: 151.6 | AG131: 70.7 | AH131: 76 | AI131: 118.3 | AL131: 93.5 | AP131: 104.1 | AQ131: 126.3 | AR131: 126.1 | AX131: 106.4 | AZ131: 104.4 | BA131: 95.6 | BC131: 97.4 | BD131: 249.7 | BJ131: 57 | BK131: 56.2
A132: 36130 | B132: 65.9 | C132: 82.6 | D132: 60.7 | E132: 70 | F132: -1.3 | G132: -2.9 | H132: -0.7 | I132: -0.5 | J132: 1.8 | K132: -1.6 | L132: 58 | O132: 55.1 | Q132: 53.4 | R132: 71.8 | S132: 61.6 | T132: 67.2 | U132: 27.7 | V132: 22.8 | W132: 29.9 | X132: 60.7 | Y132: 51.7 | Z132: 79.3 | AA132: 99.8 | AC132: 119.2 | AE132: 151.6 | AG132: 68.1 | AH132: 74.2 | AI132: 111.7 | AL132: 80.6 | AP132: 110.8 | AQ132: 140.6 | AR132: 140.4 | AX132: 103.4 | AZ132: 106 | BA132: 93.3 | BC132: 94.1 | BD132: 238 | BJ132: 57.6 | BK132: 55.1
A133: 36220 | B133: 64.9 | C133: 81.4 | D133: 59.8 | E133: 69.3 | F133: -1.5 | G133: -1.5 | H133: -1.5 | I133: -1.2 | J133: -1.1 | K133: -1.2 | L133: 59.8 | O133: 56.2 | Q133: 55.4 | R133: 72 | S133: 72.4 | T133: 66.5 | U133: 27.7 | V133: 19.8 | W133: 28.8 | X133: 60.5 | Y133: 51.6 | Z133: 78.9 | AA133: 97.8 | AC133: 120.5 | AE133: 151.6 | AG133: 65.6 | AH133: 75.1 | AI133: 111.6 | AL133: 78.8 | AP133: 111.1 | AQ133: 137.1 | AR133: 137 | AX133: 104 | AZ133: 106.7 | BA133: 91.5 | BC133: 91.6 | BD133: 227.9 | BJ133: 57.2 | BK133: 53.4
A134: 36312 | B134: 64.7 | C134: 79.9 | D134: 60 | E134: 68.4 | F134: -0.3 | G134: -1.8 | H134: 0.3 | I134: -2.4 | J134: -4.1 | K134: -1.6 | L134: 59 | O134: 56.2 | Q134: 55.4 | R134: 69.2 | S134: 61 | T134: 66.8 | U134: 26.6 | V134: 25.4 | W134: 28.1 | X134: 60 | Y134: 51 | Z134: 78.4 | AA134: 94.1 | AC134: 119.4 | AE134: 151.6 | AG134: 65.6 | AH134: 80.7 | AI134: 108.6 | AL134: 85.5 | AP134: 107.1 | AQ134: 136.9 | AR134: 136.7 | AX134: 99.6 | AZ134: 106 | BA134: 89.4 | BC134: 90.1 | BD134: 219.4 | BJ134: 57.7 | BK134: 53.6
A135: 36404 | B135: 65.1 | C135: 79.1 | D135: 60.9 | E135: 67.8 | F135: 0.6 | G135: -1 | H135: 1.5 | I135: -2.5 | J135: -7.1 | K135: -0.3 | L135: 57.7 | O135: 55.7 | Q135: 48.9 | R135: 68.9 | S135: 68.3 | T135: 66.3 | U135: 22.3 | V135: 32.5 | W135: 27.2 | X135: 60 | Y135: 51.4 | Z135: 77.7 | AA135: 92.1 | AC135: 111 | AE135: 151.6 | AG135: 66.2 | AH135: 80.7 | AI135: 108.7 | AL135: 87.3 | AP135: 105.5 | AQ135: 123.5 | AR135: 123.4 | AX135: 98.7 | AZ135: 106.1 | BA135: 87.5 | BC135: 89.8 | BD135: 214.6 | BJ135: 57.9 | BK135: 57
A136: 36495 | B136: 67.3 | C136: 80.6 | D136: 63.4 | E136: 69.4 | F136: 3.4 | G136: 1.9 | H136: 4.1 | I136: 2.1 | J136: -2.4 | K136: 4.4 | L136: 58.6 | O136: 57.4 | Q136: 48.1 | R136: 68.7 | S136: 80 | T136: 67.8 | U136: 22.5 | V136: 38.2 | W136: 29.5 | X136: 59.8 | Y136: 51.2 | Z136: 77.7 | AA136: 91.2 | AC136: 115.1 | AE136: 150 | AG136: 68.4 | AH136: 80.7 | AI136: 112.4 | AL136: 103.2 | AP136: 107.6 | AQ136: 123.2 | AR136: 123 | AX136: 99.1 | AZ136: 106.5 | BA136: 89.1 | BC136: 82.6 | BD136: 211.3 | BJ136: 61.4 | BK136: 58.9
A137: 36586 | B137: 69.2 | C137: 82.6 | D137: 65.4 | E137: 70.9 | F137: 2.8 | G137: 2.5 | H137: 3.2 | I137: 6.6 | J137: 1.5 | K137: 9.4 | L137: 59 | O137: 57.5 | Q137: 49.8 | R137: 71.5 | S137: 78.2 | T137: 67.8 | U137: 22.9 | V137: 42.8 | W137: 29.8 | X137: 59.9 | Y137: 50.8 | Z137: 78.6 | AA137: 94 | AC137: 118.5 | AE137: 145 | AG137: 74.3 | AH137: 80.7 | AI137: 113.7 | AL137: 109.2 | AP137: 106.7 | AQ137: 124.1 | AR137: 124 | AX137: 101.2 | AZ137: 105.8 | BA137: 92.1 | BC137: 87.9 | BD137: 205.8 | BJ137: 64.6 | BK137: 57.9
A138: 36678 | B138: 72.1 | C138: 86.7 | D138: 67.8 | E138: 73.1 | F138: 4.2 | G138: 5 | H138: 3.7 | I138: 11.4 | J138: 8.5 | K138: 13 | L138: 59.6 | O138: 59.4 | Q138: 51 | R138: 68.6 | S138: 68.9 | T138: 67.9 | U138: 23.2 | V138: 49.4 | W138: 30.8 | X138: 60.7 | Y138: 50.8 | Z138: 80.9 | AA138: 97.6 | AC138: 125.2 | AE138: 146.8 | AG138: 84.3 | AH138: 80.7 | AI138: 120.7 | AL138: 124.2 | AP138: 106.7 | AQ138: 124.7 | AR138: 124.5 | AX138: 102.6 | AZ138: 105.7 | BA138: 94.1 | BC138: 90.6 | BD138: 212.3 | BJ138: 65.5 | BK138: 55.7
A139: 36770 | B139: 73.5 | C139: 87.4 | D139: 69.5 | E139: 74.1 | F139: 1.9 | G139: 0.8 | H139: 2.5 | I139: 12.9 | J139: 10.5 | K139: 14.1 | L139: 63 | O139: 61 | Q139: 60.5 | R139: 68.2 | S139: 75.8 | T139: 68.3 | U139: 23.8 | V139: 53.8 | W139: 31.5 | X139: 61.4 | Y139: 51 | Z139: 82.9 | AA139: 100.4 | AC139: 108.6 | AE139: 146.4 | AG139: 85.7 | AH139: 80.7 | AI139: 127.7 | AL139: 122.9 | AP139: 103.7 | AQ139: 153.9 | AR139: 153.7 | AX139: 104 | AZ139: 107.3 | BA139: 94.5 | BC139: 90.9 | BD139: 210.3 | BJ139: 64.1 | BK139: 53.5
A140: 36861 | B140: 76.5 | C140: 91.2 | D140: 72.3 | E140: 76.2 | F140: 4.1 | G140: 4.3 | H140: 4 | I140: 13.7 | J140: 13.2 | K140: 14 | L140: 63.7 | O140: 62.4 | Q140: 56.4 | R140: 70.2 | S140: 79.9 | T140: 67.9 | U140: 23.8 | V140: 62.6 | W140: 33.5 | X140: 62.3 | Y140: 50.7 | Z140: 86.3 | AA140: 106.4 | AC140: 117.1 | AE140: 149.7 | AG140: 87.4 | AH140: 80.7 | AI140: 131.8 | AL140: 123 | AP140: 103.7 | AQ140: 141.6 | AR140: 141.4 | AX140: 105.8 | AZ140: 110.8 | BA140: 97.9 | BC140: 92 | BD140: 216.5 | BJ140: 64.9 | BK140: 54.5
A141: 36951 | B141: 75.9 | C141: 92.2 | D141: 71 | E141: 77 | F141: -0.8 | G141: 1.1 | H141: -1.8 | I141: 9.7 | J141: 11.6 | K141: 8.6 | L141: 65.8 | O141: 66.5 | Q141: 58.6 | R141: 74.8 | S141: 76.9 | T141: 66.8 | U141: 25.4 | V141: 51.6 | W141: 32.9 | X141: 62 | Y141: 50.6 | Z141: 85.5 | AA141: 106.4 | AC141: 128.3 | AE141: 158 | AG141: 93 | AH141: 80.7 | AI141: 130 | AL141: 129.4 | AP141: 103.7 | AQ141: 129.2 | AR141: 129.1 | AX141: 105.5 | AZ141: 111.1 | BA141: 99.1 | BC141: 97 | BD141: 213.9 | BJ141: 64.4 | BK141: 55.4
A142: 37043 | B142: 78.1 | C142: 95.1 | D142: 73.1 | E142: 78.9 | F142: 2.9 | G142: 3.1 | H142: 3 | I142: 8.3 | J142: 9.7 | K142: 7.8 | L142: 70.6 | O142: 73 | Q142: 63.7 | R142: 73.3 | S142: 75.4 | T142: 67.2 | U142: 26.3 | V142: 56.1 | W142: 34.1 | X142: 62.6 | Y142: 50.5 | Z142: 87.5 | AA142: 109.1 | AC142: 128.3 | AE142: 161.4 | AG142: 98.2 | AH142: 80.7 | AI142: 129.3 | AL142: 141.9 | AP142: 103.7 | AQ142: 138 | AR142: 137.9 | AX142: 112.1 | AZ142: 114.4 | BA142: 101.7 | BC142: 100.7 | BD142: 214.6 | BJ142: 65.1 | BK142: 55.8
A143: 37135 | B143: 76.4 | C143: 92.2 | D143: 71.7 | E143: 78 | F143: -2.2 | G143: -3 | H143: -1.9 | I143: 3.9 | J143: 5.5 | K143: 3.2 | L143: 75.8 | M143: 84.1 | N143: 136.7 | O143: 77.7 | P143: 48.8 | Q143: 73.1 | R143: 74.2 | S143: 82.4 | T143: 68.2 | U143: 27.4 | V143: 49.7 | W143: 34.9 | X143: 63 | Y143: 51.3 | Z143: 87.3 | AA143: 108.7 | AB143: 108.2 | AC143: 122.3 | AD143: 106.9 | AE143: 156.6 | AF143: 93 | AG143: 96.5 | AH143: 80.7 | AI143: 128 | AJ143: 63.4 | AK143: 99.7 | AL143: 107.2 | AM143: 144.8 | AN143: 93.1 | AO143: 92.7 | AP143: 102.9 | AQ143: 135.3 | AR143: 135.1 | AS143: 74 | AT143: 85 | AU143: 64.1 | AV143: 67 | AW143: 63.7 | AX143: 110.1 | AY143: 110.5 | AZ143: 116.3 | BA143: 101.3 | BB143: 101.5 | BC143: 95.2 | BD143: 202.5 | BE143: 91.1 | BF143: 146.9 | BG143: 99 | BH143: 84.3 | BI143: 62.7 | BJ143: 65.5 | BK143: 54.1
A144: 37226 | B144: 75.7 | C144: 93.6 | D144: 70.2 | E144: 78.4 | F144: -0.9 | G144: 1.5 | H144: -2.1 | I144: -1 | J144: 2.6 | K144: -2.9 | L144: 77.7 | M144: 84.3 | N144: 138.7 | O144: 80.2 | P144: 54.1 | Q144: 70.1 | R144: 76.4 | S144: 90.3 | T144: 69 | U144: 27.5 | V144: 41.1 | W144: 34.8 | X144: 63.3 | Y144: 51.3 | Z144: 88.2 | AA144: 112 | AB144: 109.8 | AC144: 139.8 | AD144: 110.2 | AE144: 164.4 | AF144: 93.2 | AG144: 97.4 | AH144: 80.7 | AI144: 129.5 | AJ144: 62.2 | AK144: 102.4 | AL144: 110.7 | AM144: 150.7 | AN144: 93.8 | AO144: 93.4 | AP144: 103.4 | AQ144: 137.9 | AR144: 137.8 | AS144: 73.5 | AT144: 85.5 | AU144: 62.9 | AV144: 65.8 | AW144: 62.6 | AX144: 110.1 | AY144: 112.1 | AZ144: 117.1 | BA144: 103 | BB144: 101.7 | BC144: 99.4 | BD144: 201.2 | BE144: 91 | BF144: 147.3 | BG144: 104.6 | BH144: 83 | BI144: 63.5 | BJ144: 63.6 | BK144: 55.2
A145: 37316 | B145: 74.9 | C145: 91.7 | D145: 69.8 | E145: 77.9 | F145: -1.1 | G145: -2 | H145: -0.6 | I145: -1.3 | J145: -0.5 | K145: -1.7 | L145: 78.6 | M145: 86.2 | N145: 143.5 | O145: 79.8 | P145: 54.2 | Q145: 72.7 | R145: 79.5 | S145: 98.3 | T145: 69.9 | U145: 27.2 | V145: 38.1 | W145: 35.4 | X145: 66.7 | Y145: 56.5 | Z145: 87.6 | AA145: 111.5 | AB145: 109.6 | AC145: 128.6 | AD145: 109.7 | AE145: 158.8 | AF145: 92.5 | AG145: 96.2 | AH145: 80.7 | AI145: 126.3 | AJ145: 61.5 | AK145: 95.4 | AL145: 102.8 | AM145: 140.4 | AN145: 93.4 | AO145: 93.1 | AP145: 102.8 | AQ145: 136.4 | AR145: 136.3 | AS145: 72.4 | AT145: 83.5 | AU145: 62.2 | AV145: 65.1 | AW145: 64.1 | AX145: 114.2 | AY145: 111.1 | AZ145: 116.1 | BA145: 103.2 | BB145: 100 | BC145: 101.2 | BD145: 195.7 | BE145: 90.1 | BF145: 145.7 | BG145: 103.5 | BH145: 82.3 | BI145: 62.3 | BJ145: 64.6 | BK145: 56.3
A146: 37408 | B146: 75.4 | C146: 90.2 | D146: 71.1 | E146: 77.5 | F146: 0.7 | G146: -1.6 | H146: 1.9 | I146: -3.5 | J146: -5.2 | K146: -2.7 | L146: 76.7 | M146: 86 | N146: 146.6 | O146: 76.6 | P146: 47.1 | Q146: 79.3 | R146: 78.1 | S146: 84.1 | T146: 70.3 | U146: 25.8 | V146: 45.6 | W146: 34.8 | X146: 67.7 | Y146: 58.8 | Z146: 85.9 | AA146: 109.5 | AB146: 107.7 | AC146: 141.8 | AD146: 107.8 | AE146: 154.7 | AF146: 90.4 | AG146: 92.4 | AH146: 80.7 | AI146: 123.9 | AJ146: 62.4 | AK146: 89.7 | AL146: 95.9 | AM146: 115.5 | AN146: 92 | AO146: 91.6 | AP146: 102.6 | AQ146: 130.2 | AR146: 130 | AS146: 74.5 | AT146: 86.9 | AU146: 63.2 | AV146: 66.1 | AW146: 64.9 | AX146: 113.7 | AY146: 111.5 | AZ146: 115.6 | BA146: 101.4 | BB146: 101.1 | BC146: 99.8 | BD146: 189.2 | BE146: 89.3 | BF146: 142.9 | BG146: 99.9 | BH146: 83.4 | BI146: 72.3 | BJ146: 66.5 | BK146: 58.9
A147: 37500 | B147: 75.2 | C147: 89.8 | D147: 71 | E147: 76.8 | F147: -0.3 | G147: -0.4 | H147: -0.1 | I147: -1.6 | J147: -2.6 | K147: -1 | L147: 70.7 | M147: 86.4 | N147: 147.9 | O147: 73.6 | P147: 46.8 | Q147: 60.6 | R147: 78.5 | S147: 72.9 | T147: 70.8 | U147: 27.5 | V147: 48.1 | W147: 33.9 | X147: 68 | Y147: 59.7 | Z147: 85.2 | AA147: 108.9 | AB147: 107.5 | AC147: 133.4 | AD147: 107.1 | AE147: 164.8 | AF147: 81.7 | AG147: 74.7 | AH147: 80.7 | AI147: 118.8 | AJ147: 61.5 | AK147: 88.7 | AL147: 99.4 | AM147: 96.8 | AN147: 101.5 | AO147: 101.7 | AP147: 99.8 | AQ147: 127.2 | AR147: 127 | AS147: 76.1 | AT147: 92.5 | AU147: 62.2 | AV147: 65.1 | AW147: 63.1 | AX147: 112.3 | AY147: 110.5 | AZ147: 114.7 | BA147: 101.2 | BB147: 100.3 | BC147: 102.3 | BD147: 187.5 | BE147: 88.1 | BF147: 140.2 | BG147: 98.6 | BH147: 82.3 | BI147: 73.3 | BJ147: 66.2 | BK147: 60.7
A148: 37591 | B148: 75.4 | C148: 89 | D148: 71.5 | E148: 77.4 | F148: 0.3 | G148: -0.9 | H148: 0.7 | I148: -0.4 | J148: -4.9 | K148: 1.9 | L148: 75.4 | M148: 87.2 | N148: 143.6 | O148: 81.2 | P148: 49.1 | Q148: 59.6 | R148: 80.3 | S148: 82.2 | T148: 70.6 | U148: 27.5 | V148: 46.3 | W148: 33.7 | X148: 70.6 | Y148: 63.3 | Z148: 85.7 | AA148: 108.7 | AB148: 107.2 | AC148: 131.9 | AD148: 107 | AE148: 165.9 | AF148: 80.9 | AG148: 73.8 | AH148: 80.7 | AI148: 117.8 | AJ148: 61.9 | AK148: 84.8 | AL148: 96.2 | AM148: 76.3 | AN148: 101 | AO148: 101 | AP148: 98.8 | AQ148: 126.8 | AR148: 126.7 | AS148: 77.1 | AT148: 94.4 | AU148: 62.6 | AV148: 65.5 | AW148: 62.8 | AX148: 109.9 | AY148: 110.4 | AZ148: 114.6 | BA148: 101.6 | BB148: 100.3 | BC148: 101.8 | BD148: 184.9 | BE148: 88.5 | BF148: 140.7 | BG148: 98.1 | BH148: 82.7 | BI148: 74.5 | BJ148: 63.8 | BK148: 60.3
A149: 37681 | B149: 76 | C149: 88.8 | D149: 72.5 | E149: 77.3 | F149: 0.8 | G149: -0.2 | H149: 1.4 | I149: 1.5 | J149: -3.2 | K149: 3.9 | L149: 78.2 | M149: 88.7 | N149: 143 | O149: 85.1 | P149: 49.9 | Q149: 61.2 | R149: 87.4 | S149: 79.2 | T149: 71.3 | U149: 26.2 | V149: 52.9 | W149: 33.9 | X149: 70.6 | Y149: 63.6 | Z149: 85 | AA149: 106.7 | AB149: 106.2 | AC149: 136.4 | AD149: 104.9 | AE149: 169 | AF149: 78.3 | AG149: 68.8 | AH149: 80.7 | AI149: 114.8 | AJ149: 64 | AK149: 85.3 | AL149: 94.9 | AM149: 80.7 | AN149: 97.6 | AO149: 97.8 | AP149: 94.8 | AQ149: 120.3 | AR149: 120.2 | AS149: 78.8 | AT149: 95.4 | AU149: 64.8 | AV149: 67.7 | AW149: 64.7 | AX149: 105.9 | AY149: 111.2 | AZ149: 114 | BA149: 102.1 | BB149: 100.2 | BC149: 102.7 | BD149: 179.1 | BE149: 87.1 | BF149: 139.7 | BG149: 96.7 | BH149: 85.3 | BI149: 79.2 | BJ149: 67 | BK149: 62.4
A150: 37773 | B150: 74.6 | C150: 87.4 | D150: 71.1 | E150: 76.8 | F150: -1.8 | G150: -1.6 | H150: -1.9 | I150: -1.1 | J150: -3.1 | K150: 0 | L150: 78.8 | M150: 89.2 | N150: 138.8 | O150: 85.3 | P150: 49.6 | Q150: 65.6 | R150: 87.3 | S150: 73.2 | T150: 71.5 | U150: 24.8 | V150: 43 | W150: 31.9 | X150: 72.6 | Y150: 67.7 | Z150: 82.3 | AA150: 104.7 | AB150: 103.9 | AC150: 138.8 | AD150: 103.1 | AE150: 166.4 | AF150: 76.5 | AG150: 65.7 | AH150: 80.7 | AI150: 113.6 | AJ150: 61.2 | AK150: 81.7 | AL150: 89.5 | AM150: 83.7 | AN150: 101.3 | AO150: 101.5 | AP150: 95.2 | AQ150: 112.9 | AR150: 112.8 | AS150: 78 | AT150: 97.1 | AU150: 61.9 | AV150: 64.7 | AW150: 62.9 | AX150: 104.5 | AY150: 107.6 | AZ150: 109.2 | BA150: 99.9 | BB150: 97.4 | BC150: 101.6 | BD150: 172.9 | BE150: 84.9 | BF150: 132.7 | BG150: 94.6 | BH150: 81.9 | BI150: 77.8 | BJ150: 65.8 | BK150: 61.8
A151: 37865 | B151: 72.9 | C151: 85.5 | D151: 69.5 | E151: 75.1 | F151: -2.3 | G151: -2.2 | H151: -2.3 | I151: -3.1 | J151: -4.8 | K151: -2.1 | L151: 77 | M151: 89.2 | N151: 137.4 | O151: 84.7 | P151: 44.6 | Q151: 62.7 | R151: 87.7 | S151: 67.5 | T151: 73 | U151: 23.3 | V151: 40.1 | W151: 31.8 | X151: 72.5 | Y151: 68.4 | Z151: 81 | AA151: 101.8 | AB151: 101.5 | AC151: 134.3 | AD151: 100.2 | AE151: 160.4 | AF151: 73.9 | AG151: 60.5 | AH151: 80.7 | AI151: 110.4 | AJ151: 59.7 | AK151: 81.5 | AL151: 90 | AM151: 80.8 | AN151: 96.4 | AO151: 96.5 | AP151: 94.3 | AQ151: 107.2 | AR151: 107.1 | AS151: 75 | AT151: 92.2 | AU151: 60.4 | AV151: 63.2 | AW151: 61.9 | AX151: 101.6 | AY151: 104.5 | AZ151: 105.3 | BA151: 98.1 | BB151: 95 | BC151: 100.2 | BD151: 168.3 | BE151: 82.7 | BF151: 127.9 | BG151: 91.1 | BH151: 80.2 | BI151: 76.9 | BJ151: 66.4 | BK151: 63.3
A152: 37956 | B152: 72.5 | C152: 83.8 | D152: 69.6 | E152: 74.5 | F152: -0.5 | G152: -2 | H152: 0.1 | I152: -3.8 | J152: -5.8 | K152: -2.7 | L152: 76.8 | M152: 90.4 | N152: 135.4 | O152: 83.9 | P152: 42.3 | Q152: 61.8 | R152: 87.6 | S152: 82.2 | T152: 72.5 | U152: 22.2 | V152: 41.6 | W152: 31.9 | X152: 72.3 | Y152: 68.4 | Z152: 80.5 | AA152: 97.5 | AB152: 97.7 | AC152: 133.6 | AD152: 96 | AE152: 155.6 | AF152: 74.7 | AG152: 63.2 | AH152: 80.7 | AI152: 107.7 | AJ152: 59.5 | AK152: 79.9 | AL152: 86.6 | AM152: 80.4 | AN152: 98.8 | AO152: 99 | AP152: 94.9 | AQ152: 99.6 | AR152: 99.5 | AS152: 74 | AT152: 89.9 | AU152: 60.2 | AV152: 63 | AW152: 62.5 | AX152: 98.4 | AY152: 102.6 | AZ152: 102.9 | BA152: 97.1 | BB152: 93.4 | BC152: 104.7 | BD152: 164.4 | BE152: 82 | BF152: 124.6 | BG152: 87.8 | BH152: 79.9 | BI152: 75.2 | BJ152: 65.3 | BK152: 63.4
A153: 38047 | B153: 71.3 | C153: 81.4 | D153: 68.8 | E153: 73.3 | F153: -1.7 | G153: -2.9 | H153: -1.1 | I153: -6.2 | J153: -8.3 | K153: -5.1 | L153: 76 | M153: 93.6 | N153: 145.2 | O153: 82 | P153: 43.2 | Q153: 62.2 | R153: 87.7 | S153: 76.3 | T153: 73 | U153: 20.6 | V153: 39.6 | W153: 32.5 | X153: 72.4 | Y153: 68.6 | Z153: 80.3 | AA153: 94.5 | AB153: 94.1 | AC153: 131.3 | AD153: 93 | AE153: 155.6 | AF153: 73.2 | AG153: 58.5 | AH153: 82.9 | AI153: 104 | AJ153: 58.2 | AK153: 77.5 | AL153: 84.4 | AM153: 74.2 | AN153: 89.8 | AO153: 89.7 | AP153: 92.7 | AQ153: 94.3 | AR153: 94.2 | AS153: 72.6 | AT153: 88.9 | AU153: 58.9 | AV153: 61.6 | AW153: 58.9 | AX153: 94.3 | AY153: 97.1 | AZ153: 97.1 | BA153: 91.4 | BB153: 90.3 | BC153: 103.5 | BD153: 159.2 | BE153: 80.7 | BF153: 122.8 | BG153: 83.3 | BH153: 78.3 | BI153: 69.9 | BJ153: 65.2 | BK153: 64.1
A154: 38139 | B154: 73.1 | C154: 84.3 | D154: 70.2 | E154: 75 | F154: 2.5 | G154: 3.6 | H154: 2 | I154: -2 | J154: -3.5 | K154: -1.3 | L154: 76 | M154: 91.2 | N154: 146 | O154: 80.8 | P154: 44.8 | Q154: 67 | R154: 88.1 | S154: 69.2 | T154: 72.6 | U154: 21.5 | V154: 44.4 | W154: 33.7 | X154: 75.4 | Y154: 72.3 | Z154: 81.7 | AA154: 96.2 | AB154: 96.9 | AC154: 131.6 | AD154: 94.6 | AE154: 155.6 | AF154: 74.3 | AG154: 62.1 | AH154: 82.9 | AI154: 103.4 | AJ154: 59.7 | AK154: 80.7 | AL154: 89.3 | AM154: 74.2 | AN154: 89.4 | AO154: 89.2 | AP154: 92.6 | AQ154: 92.4 | AR154: 92.3 | AS154: 73.5 | AT154: 89.1 | AU154: 60.5 | AV154: 63.2 | AW154: 59.4 | AX154: 96.6 | AY154: 97.4 | AZ154: 97.9 | BA154: 96.1 | BB154: 91.5 | BC154: 104.4 | BD154: 160.5 | BE154: 79.7 | BF154: 124 | BG154: 87.2 | BH154: 80.3 | BI154: 73.2 | BJ154: 63.7 | BK154: 62.8
... A215: 43709 | B215: 115 | C215: 120.9 | D215: 114.7 | E215: 118.2 | F215: 2 | G215: 0.5 | H215: 2.5 | I215: 5 | J215: 1.7 | K215: 6.2 | L215: 138.9 | M215: 92 | N215: 132.2 | O215: 151.2 | P215: 114 | Q215: 129 | R215: 131.9 | S215: 121.7 | T215: 112.4 | U215: 109.2 | V215: 87.7 | W215: 109.5 | X215: 135 | Y215: 139.5 | Z215: 130.6 | AA215: 117.8 | AB215: 110.1 | AC215: 121.5 | AD215: 116.9 | AE215: 116.4 | AF215: 139.4 | AG215: 153 | AH215: 108.5 | AI215: 120.2 | AJ215: 108.1 | AK215: 112 | AL215: 116 | AM215: 99.8 | AN215: 109.6 | AO215: 109.2 | AP215: 111 | AQ215: 115.7 | AR215: 117 | AS215: 117.8 | AT215: 118.6 | AU215: 127.4 | AV215: 115.6 | AW215: 106.5 | AX215: 138.3 | AY215: 114.6 | AZ215: 107.9 | BA215: 167 | BB215: 117.4 | BC215: 113 | BD215: 114.1 | BE215: 117.5 | BF215: 132 | BG215: 129.1 | BH215: 125.4 | BI215: 99.5 | BJ215: 128.3 | BK215: 147.1
A216: 43800 | B216: 113.8 | C216: 121.2 | D216: 113 | E216: 116.7 | F216: -1 | G216: 0.2 | H216: -1.5 | I216: 3.7 | J216: 1.7 | K216: 4.4 | L216: 137 | M216: 93 | N216: 126.7 | O216: 151.4 | P216: 109.7 | Q216: 118.1 | R216: 134.7 | S216: 129.4 | T216: 113.2 | U216: 92.4 | V216: 89.7 | W216: 103.9 | X216: 135.3 | Y216: 140.5 | Z216: 130.3 | AA216: 120.5 | AB216: 116.6 | AC216: 121.1 | AF216: 138.8 | AG216: 151.8 | AH216: 109.6 | AI216: 123.6 | AJ216: 108.2 | AK216: 110.1 | AL216: 114.7 | AM216: 97.4 | AN216: 108.7 | AO216: 108.4 | AP216: 109.4 | AQ216: 114.7 | AR216: 115.2 | AS216: 116.4 | AT216: 116.6 | AU216: 122.2 | AV216: 116.3 | AW216: 106 | AX216: 137.1 | AY216: 113.6 | AZ216: 106.7 | BA216: 168.8 | BB216: 117.1 | BC216: 113.6 | BD216: 114.1 | BE216: 120.1 | BF216: 132.1 | BG216: 130.3 | BI216: 99.6 | BJ216: 126.9 | BK216: 152.3
A217: 43891 | B217: 115.5 | C217: 119.9 | D217: 115.7 | E217: 119.3 | F217: 1.5 | G217: -1.1 | H217: 2.4 | I217: 4.6 | J217: 1.7 | K217: 5.7 | L217: 144.1 | M217: 93.4 | N217: 139.3 | O217: 157 | P217: 125.1 | Q217: 129.3 | R217: 132.1 | S217: 135.5 | T217: 111.3 | U217: 99.4 | V217: 81.6 | W217: 110.3 | X217: 135.3 | Y217: 140.2 | Z217: 130.5 | AA217: 118.6 | AB217: 117.1 | AC217: 98.4 | AF217: 137.5 | AG217: 150.1 | AH217: 110.1 | AI217: 119.7 | AJ217: 107.6 | AK217: 107.6 | AL217: 109.8 | AM217: 95.7 | AN217: 108.2 | AO217: 107.5 | AP217: 118.2 | AQ217: 114.2 | AR217: 113.4 | AS217: 116.5 | AT217: 116.7 | AU217: 120.8 | AV217: 116.9 | AW217: 106.3 | AX217: 137.4 | AY217: 114.7 | AZ217: 107.7 | BA217: 171.8 | BB217: 117.6 | BC217: 113.5 | BD217: 114.1 | BE217: 121.3 | BF217: 132.2 | BG217: 133.5 | BI217: 96.3 | BJ217: 128.1 | BK217: 162.1
A218: 43983 | B218: 114.5 | C218: 114.8 | D218: 116.1 | E218: 120.5 | F218: -0.9 | G218: -4.3 | H218: 0.3 | I218: 1.5 | J218: -4.6 | K218: 3.8 | L218: 148.4 | M218: 88.8 | N218: 154.9 | O218: 160.8 | P218: 117.2 | Q218: 144.5 | R218: 126.1 | S218: 119.1 | T218: 111.8 | U218: 89.4 | V218: 60.1 | W218: 114.5 | X218: 135.8 | Y218: 141.9 | Z218: 129.7 | AA218: 120.3 | AB218: 119.6 | AC218: 96.1 | AF218: 140.4 | AG218: 154.1 | AH218: 110.9 | AI218: 120.9 | AJ218: 101.6 | AK218: 108.5 | AL218: 109.7 | AM218: 95.7 | AN218: 108.1 | AO218: 107.6 | AP218: 118.1 | AQ218: 114 | AR218: 113.6 | AS218: 113.4 | AT218: 114.2 | AU218: 121.5 | AV218: 111.4 | AW218: 104.2 | AX218: 141.8 | AY218: 119.6 | AZ218: 112.5 | BA218: 178.3 | BB218: 118.9 | BC218: 114.2 | BD218: 115.5 | BE218: 123 | BF218: 132.4 | BG218: 140.2 | BI218: 97.6 | BJ218: 128.1 | BK218: 141.4
A219: 44075 | B219: 114.7 | C219: 116 | D219: 115.8 | E219: 119.8 | F219: 0.2 | G219: 1 | H219: -0.3 | I219: -0.3 | J219: -4.1 | K219: 1 | L219: 144.4 | M219: 89.2 | N219: 151.1 | O219: 159.5 | P219: 110.4 | Q219: 124 | R219: 137.2 | S219: 114.5 | T219: 111.5 | U219: 72.4 | V219: 69.2 | W219: 122.1 | X219: 135.6 | Y219: 142 | Z219: 129.2 | AA219: 116.5 | AB219: 111.2 | AC219: 108 | AF219: 137.9 | AG219: 150.9 | AH219: 110.5 | AI219: 118.1 | AJ219: 96 | AK219: 102.5 | AL219: 106.3 | AM219: 95.6 | AN219: 108.5 | AO219: 107.8 | AP219: 127.4 | AQ219: 114.2 | AR219: 113.8 | AS219: 115.2 | AT219: 112.4 | AU219: 113.1 | AV219: 122.7 | AW219: 104.3 | AX219: 138.3 | AY219: 120.6 | AZ219: 114.2 | BA219: 167.7 | BB219: 114.4 | BC219: 108.6 | BD219: 115.2 | BE219: 115.4 | BF219: 131.8 | BG219: 127.2 | BI219: 96.5 | BJ219: 127.5 | BK219: 139.2
A220: 44166 | B220: 115.1 | C220: 115.3 | D220: 116.7 | E220: 120.3 | F220: 0.3 | G220: -0.6 | H220: 0.8 | I220: 1.1 | J220: -4.9 | K220: 3.3 | L220: 145.1 | M220: 94.2 | N220: 152.1 | O220: 162.3 | P220: 113.2 | Q220: 116.5 | R220: 132.8 | S220: 118.7 | T220: 111.9 | U220: 73.8 | V220: 69.8 | W220: 124.3 | X220: 136.6 | Y220: 144.1 | Z220: 128.9 | AA220: 115.3 | AB220: 109.6 | AC220: 104 | AF220: 136.9 | AG220: 149.5 | AH220: 110.1 | AI220: 117.7 | AJ220: 96.3 | AK220: 100 | AL220: 96.6 | AM220: 91.3 | AN220: 107.8 | AO220: 107.3 | AP220: 118.1 | AQ220: 113.1 | AR220: 114.1 | AS220: 117.4 | AT220: 113.1 | AU220: 108.8 | AV220: 128.7 | AW220: 108.1 | AX220: 138.6 | AY220: 121.7 | AZ220: 115.5 | BA220: 166.3 | BB220: 113.9 | BC220: 108.2 | BD220: 115.1 | BE220: 113.7 | BF220: 131.8 | BG220: 127.5 | BI220: 95.1 | BJ220: 126.4 | BK220: 140
A221: 44256 | B221: 117.6 | C221: 118.5 | D221: 119 | E221: 121.8 | F221: 2.2 | G221: 2.8 | H221: 2 | I221: 1.8 | J221: -1.2 | K221: 2.9 | L221: 149.4 | M221: 91.6 | N221: 152 | O221: 167.4 | P221: 130.8 | Q221: 119.5 | R221: 132.2 | S221: 124.5 | T221: 111.6 | U221: 81.6 | V221: 80.8 | W221: 125.7 | X221: 132.5 | Y221: 143.7 | Z221: 120.8 | AA221: 117.7 | AB221: 113.5 | AC221: 106.3 | AF221: 139 | AG221: 152 | AH221: 110.9 | AI221: 117.7 | AJ221: 101.8 | AK221: 103.8 | AL221: 98.3 | AM221: 93 | AN221: 108.1 | AO221: 107.5 | AP221: 118.1 | AQ221: 113.3 | AR221: 113.5 | AS221: 121 | AT221: 116.3 | AU221: 111.7 | AV221: 133.1 | AW221: 110.6 | AX221: 138.1 | AY221: 119.8 | AZ221: 114.4 | BA221: 153.3 | BB221: 113 | BC221: 105.5 | BD221: 114.9 | BE221: 112.2 | BF221: 131.5 | BG221: 121.6 | BI221: 94.1 | BJ221: 123.1 | BK221: 135.2
A222: 44348 | B222: 122 | C222: 122.8 | D222: 123.5 | E222: 126.1 | F222: 3.7 | G222: 3.6 | H222: 3.8 | I222: 6.6 | J222: 7 | K222: 6.4 | L222: 152.4 | M222: 92.1 | N222: 156.1 | O222: 168.3 | P222: 130.9 | Q222: 134.4 | R222: 131.7 | S222: 117.7 | T222: 113.5 | U222: 77.5 | V222: 85.5 | W222: 135.9 | X222: 131.3 | Y222: 141.8 | Z222: 120.2 | AA222: 119.4 | AB222: 112.3 | AC222: 111.9 | AF222: 140.8 | AG222: 153.6 | AH222: 111.1 | AI222: 119.5 | AJ222: 100.7 | AK222: 109.6 | AL222: 101.8 | AM222: 95.7 | AN222: 112.7 | AO222: 112.4 | AP222: 119 | AQ222: 113.7 | AR222: 113.3 | AS222: 130.2 | AT222: 125 | AU222: 119.9 | AV222: 145.4 | AW222: 113.3 | AX222: 142.6 | AY222: 121 | AZ222: 115.4 | BA222: 154 | BB222: 114.8 | BC222: 107.6 | BD222: 114.9 | BE222: 115.2 | BF222: 131.7 | BG222: 121.6 | BI222: 95 | BJ222: 119 | BK222: 131.2
A223: 44440 | B223: 127.6 | C223: 132.1 | D223: 127.9 | E223: 131.3 | F223: 4.6 | G223: 7.6 | H223: 3.6 | I223: 11.2 | J223: 13.9 | K223: 10.4 | L223: 156.7 | M223: 94.7 | N223: 151 | O223: 176.3 | P223: 140.6 | Q223: 132.5 | R223: 136.8 | S223: 113.9 | T223: 114.8 | U223: 125.3 | V223: 95 | W223: 134.1 | X223: 133.4 | Y223: 144.9 | Z223: 121.2 | AA223: 126.4 | AB223: 119.5 | AC223: 117.1 | AF223: 150.1 | AG223: 164.7 | AH223: 113.6 | AI223: 124 | AJ223: 105.7 | AK223: 119.8 | AL223: 119.8 | AM223: 102.7 | AN223: 114 | AO223: 113.3 | AP223: 122 | AQ223: 115.8 | AR223: 116.9 | AS223: 148.4 | AT223: 148.4 | AU223: 144.7 | AV223: 155.8 | AW223: 124.9 | AX223: 151.6 | AY223: 131.5 | AZ223: 125.2 | BA223: 172.1 | BB223: 120.4 | BC223: 112 | BD223: 115.1 | BE223: 126.5 | BF223: 132.2 | BG223: 127.4 | BI223: 100.5 | BJ223: 124.9 | BK223: 136.1
A224: 44531 | B224: 131.2 | C224: 139.3 | D224: 130.4 | E224: 134.6 | F224: 2.8 | G224: 5.5 | H224: 2 | I224: 14 | J224: 20.8 | K224: 11.7 | L224: 161.5 | M224: 92.4 | N224: 143.4 | O224: 188 | P224: 150.2 | Q224: 122.1 | R224: 140.6 | S224: 117.7 | T224: 117.1 | U224: 170.8 | V224: 99.9 | W224: 122.6 | X224: 136.4 | Y224: 150.8 | Z224: 121 | AA224: 129.4 | AB224: 117.9 | AC224: 116.4 | AF224: 157 | AG224: 171.1 | AH224: 120.5 | AI224: 127.5 | AJ224: 110.2 | AK224: 139.4 | AL224: 144.7 | AM224: 117.8 | AN224: 115.2 | AO224: 114.5 | AP224: 122.5 | AQ224: 118.7 | AR224: 121.2 | AS224: 164.8 | AT224: 172.2 | AU224: 162.1 | AV224: 162.5 | AW224: 136.7 | AX224: 160.9 | AY224: 130.2 | AZ224: 123.5 | BA224: 173.8 | BB224: 123.3 | BC224: 112.6 | BD224: 115.2 | BE224: 129.6 | BF224: 132.2 | BG224: 129.3 | BI224: 101.9 | BJ224: 122.8 | BK224: 135
A225: 44621 | B225: 139.3 | C225: 154.1 | D225: 136.7 | E225: 141.6 | F225: 6.2 | G225: 10.6 | H225: 4.8 | I225: 18.5 | J225: 30 | K225: 14.9 | L225: 165.4 | M225: 94.2 | N225: 142.3 | O225: 192.9 | P225: 149.3 | Q225: 130.6 | R225: 141.2 | S225: 120.8 | T225: 122.5 | U225: 209.4 | V225: 125.5 | W225: 131.2 | X225: 137.1 | Y225: 152.8 | Z225: 120 | AA225: 136.1 | AB225: 124.9 | AC225: 117.5 | AF225: 158 | AG225: 171 | AH225: 121.4 | AI225: 130.3 | AJ225: 116.5 | AK225: 158.8 | AL225: 179.8 | AM225: 125 | AN225: 117 | AO225: 116.1 | AP225: 122.8 | AQ225: 123.6 | AR225: 128.9 | AS225: 175.3 | AT225: 176.2 | AU225: 188.3 | AV225: 183.3 | AW225: 145.7 | AX225: 172.2 | AY225: 133.1 | AZ225: 123.2 | BA225: 184 | BB225: 125.3 | BC225: 112.7 | BD225: 116 | BE225: 129 | BF225: 132.8 | BG225: 130.2 | BI225: 101.4 | BJ225: 130.5 | BK225: 141.2
A226: 44713 | B226: 143.6 | C226: 159 | D226: 140.8 | E226: 145.8 | F226: 3.1 | G226: 3.2 | H226: 3 | I226: 17.7 | J226: 29.5 | K226: 14 | L226: 168.5 | M226: 91.7 | N226: 132.5 | O226: 194.6 | P226: 159.5 | Q226: 147.4 | R226: 143.8 | S226: 122.4 | T226: 123.5 | U226: 247.3 | V226: 130.5 | W226: 134.4 | X226: 140.2 | Y226: 158 | Z226: 120.3 | AA226: 141.5 | AB226: 132.2 | AC226: 122.7 | AF226: 161.6 | AG226: 173.9 | AH226: 126.4 | AI226: 132.5 | AJ226: 118.9 | AK226: 167 | AL226: 188.1 | AM226: 141.2 | AN226: 121.2 | AO226: 119.9 | AP226: 132.3 | AQ226: 125.9 | AR226: 130.3 | AS226: 181 | AT226: 186.5 | AU226: 186.4 | AV226: 185.1 | AW226: 146.2 | AX226: 182.9 | AY226: 137.1 | AZ226: 123.7 | BA226: 196.1 | BB226: 127.3 | BC226: 113.1 | BD226: 116.4 | BE226: 131.8 | BF226: 133.7 | BG226: 131.3 | BI226: 100.9 | BJ226: 131.7 | BK226: 147.5
A227: 44805 | B227: 145.8 | C227: 164.2 | D227: 142.1 | E227: 147.8 | F227: 1.5 | G227: 3.3 | H227: 0.9 | I227: 14.3 | J227: 24.3 | K227: 11.1 | L227: 169.7 | M227: 91.7 | N227: 129.4 | O227: 188.8 | P227: 161.7 | Q227: 175.4 | R227: 149.9 | S227: 123.4 | T227: 128.1 | U227: 143.7 | V227: 150.4 | W227: 122.8 | X227: 144.2 | Y227: 156.4 | Z227: 132.3 | AA227: 147.2 | AB227: 140.5 | AC227: 125.4 | AF227: 173.5 | AG227: 189.3 | AH227: 129.8 | AI227: 147.6 | AJ227: 123.5 | AK227: 177 | AL227: 211.2 | AM227: 155.4 | AN227: 123.3 | AO227: 121.9 | AP227: 134.6 | AQ227: 133.8 | AR227: 141.5 | AS227: 175.7 | AT227: 177 | AU227: 206.1 | AV227: 159.6 | AW227: 147.4 | AX227: 190.5 | AY227: 138 | AZ227: 126.5 | BA227: 193 | BB227: 132.2 | BC227: 113.8 | BD227: 119.1 | BE227: 138.5 | BF227: 139.5 | BG227: 137.7 | BI227: 101.8 | BJ227: 182.6 | BK227: 167.7
... A241: 46082 | B241: 173.4 | C241: 182.4 | D241: 172.9 | E241: 179.3 | F241: 3.9 | G241: 3.3 | H241: 4 | I241: 11.6 | J241: 6.5 | K241: 13.3 | L241: 179.6 | M241: 127.7 | N241: 140.7 | O241: 202.3 | P241: 139.5 | Q241: 172.9 | R241: 162.3 | S241: 150.8 | T241: 153.5 | U241: 126.1 | V241: 123.6 | W241: 274.4 | X241: 180.3 | Y241: 196.7 | Z241: 163.6 | AA241: 146.8 | AB241: 142.7 | AC241: 139.2 | AF241: 162 | AG241: 176.1 | AH241: 125.7 | AI241: 151 | AJ241: 132.6 | AK241: 132.3 | AL241: 148.4 | AM241: 116.1 | AN241: 123.7 | AO241: 122.1 | AP241: 141.5 | AQ241: 148.6 | AR241: 148.6 | AS241: 170.2 | AT241: 146.4 | AU241: 154.1 | AV241: 237.2 | AW241: 187.9 | AX241: 171.1 | AY241: 147.2 | AZ241: 151.6 | BA241: 170.9 | BB241: 140.2 | BC241: 132 | BD241: 115.1 | BE241: 155.9 | BF241: 137.9 | BG241: 162.5 | BI241: 130.5 | BJ241: 187.3 | BK241: 152.2

Sheet Enquiries
B2: Time Series Workbook
B5: 6427.0 Producer Price Indexes, Australia
B6: Table 13. Inputs from selected Subdivisions and Groups to the Manufacturing Division, index numbers and percentage changes
B10: E N Q U I R I E S
B11: For further information about these and related statistics visit www.abs.gov.au/about/contact-us

Sheet Summary Stats
A1: Energy Prices vs Manufacturing Input Costs — Summary Statistics
A2: Source: ABS 6427.0 Producer Price Indexes, Australia — Table 13. Inputs from selected Subdivisions and Groups to the Manufacturing Division. Index reference period 2011-12 = 100.0.
A3: Window: full series. Manufacturing/Imported/Domestic from Sep 1968; Less-petroleum from Mar 1988; Natural gas & Electricity from Mar 1970; Petroleum & coal from Sep 2001. Latest = Sep 2025.
A5: Series | B5: Latest (2025-Q3) | C5: First (start of series) | D5: Min | E5: Max | F5: Mean | G5: Median | H5: Std Dev | I5: Coeff. of Var. | J5: Total change | K5: Annualised %
A6: Manufacturing division (all inputs) | B6: =Data1!B241 -> 173.4 | C6: {=INDEX(Data1!B11:B241,MATCH(TRUE,INDEX(Data1!B11:B241<>"",0),0))} -> 10.7 | D6: =MIN(Data1!B11:B241) -> 10.3 | E6: =MAX(Data1!B11:B241) -> 173.4 | F6: =AVERAGE(Data1!B11:B241) -> 67.751948 | G6: =MEDIAN(Data1!B11:B241) -> 59 | H6: =STDEV(Data1!B11:B241) -> 38.902208 | I6: =H6/F6 -> 0.57418583 | J6: =B6/C6-1 -> 15.205607 | K6: =(B6/C6)^(4/(COUNT(Data1!B11:B241)-1))-1 -> 0.049633438
A7: Imported materials | B7: =Data1!C241 -> 182.4 | C7: {=INDEX(Data1!C11:C241,MATCH(TRUE,INDEX(Data1!C11:C241<>"",0),0))} -> 9.9 | D7: =MIN(Data1!C11:C241) -> 9.8 | E7: =MAX(Data1!C11:C241) -> 182.4 | F7: =AVERAGE(Data1!C11:C241) -> 76.468831 | G7: =MEDIAN(Data1!C11:C241) -> 73.7 | H7: =STDEV(Data1!C11:C241) -> 42.522634 | I7: =H7/F7 -> 0.55607799 | J7: =B7/C7-1 -> 17.424242 | K7: =(B7/C7)^(4/(COUNT(Data1!C11:C241)-1))-1 -> 0.051978288
A8: Domestic materials | B8: =Data1!D241 -> 172.9 | C8: {=INDEX(Data1!D11:D241,MATCH(TRUE,INDEX(Data1!D11:D241<>"",0),0))} -> 10.9 | D8: =MIN(Data1!D11:D241) -> 10.5 | E8: =MAX(Data1!D11:D241) -> 172.9 | F8: =AVERAGE(Data1!D11:D241) -> 65.219481 | G8: =MEDIAN(Data1!D11:D241) -> 53.5 | H8: =STDEV(Data1!D11:D241) -> 38.755156 | I8: =H8/F8 -> 0.59422669 | J8: =B8/C8-1 -> 14.862385 | K8: =(B8/C8)^(4/(COUNT(Data1!D11:D241)-1))-1 -> 0.049242742
A9: Manufact. div. less petroleum | B9: =Data1!E241 -> 179.3 | C9: {=INDEX(Data1!E11:E241,MATCH(TRUE,INDEX(Data1!E11:E241<>"",0),0))} -> 52.5 | D9: =MIN(Data1!E11:E241) -> 52.5 | E9: =MAX(Data1!E11:E241) -> 179.3 | F9: =AVERAGE(Data1!E11:E241) -> 91.136129 | G9: =MEDIAN(Data1!E11:E241) -> 87.9 | H9: =STDEV(Data1!E11:E241) -> 29.382712 | I9: =H9/F9 -> 0.32240465 | J9: =B9/C9-1 -> 2.4152381 | K9: =(B9/C9)^(4/(COUNT(Data1!E11:E241)-1))-1 -> 0.032416866
A10: Petroleum and coal products | B10: =Data1!AJ241 -> 132.6 | C10: {=INDEX(Data1!AJ11:AJ241,MATCH(TRUE,INDEX(Data1!AJ11:AJ241<>"",0),0))} -> 63.4 | D10: =MIN(Data1!AJ11:AJ241) -> 58.2 | E10: =MAX(Data1!AJ11:AJ241) -> 134.3 | F10: =AVERAGE(Data1!AJ11:AJ241) -> 94.412121 | G10: =MEDIAN(Data1!AJ11:AJ241) -> 96 | H10: =STDEV(Data1!AJ11:AJ241) -> 20.881953 | I10: =H10/F10 -> 0.22117873 | J10: =B10/C10-1 -> 1.0914826 | K10: =(B10/C10)^(4/(COUNT(Data1!AJ11:AJ241)-1))-1 -> 0.030575387
A11: Natural gas | B11: =Data1!BJ241 -> 187.3 | C11: {=INDEX(Data1!BJ11:BJ241,MATCH(TRUE,INDEX(Data1!BJ11:BJ241<>"",0),0))} -> 17.9 | D11: =MIN(Data1!BJ11:BJ241) -> 10.9 | E11: =MAX(Data1!BJ11:BJ241) -> 198.2 | F11: =AVERAGE(Data1!BJ11:BJ241) -> 68.301333 | G11: =MEDIAN(Data1!BJ11:BJ241) -> 58.1 | H11: =STDEV(Data1!BJ11:BJ241) -> 47.104618 | I11: =H11/F11 -> 0.68965884 | J11: =B11/C11-1 -> 9.4636872 | K11: =(B11/C11)^(4/(COUNT(Data1!BJ11:BJ241)-1))-1 -> 0.04281833
A12: Electricity | B12: =Data1!BK241 -> 152.2 | C12: {=INDEX(Data1!BK11:BK241,MATCH(TRUE,INDEX(Data1!BK11:BK241<>"",0),0))} -> 11.8 | D12: =MIN(Data1!BK11:BK241) -> 11.8 | E12: =MAX(Data1!BK11:BK241) -> 167.7 | F12: =AVERAGE(Data1!BK11:BK241) -> 70.170222 | G12: =MEDIAN(Data1!BK11:BK241) -> 59 | H12: =STDEV(Data1!BK11:BK241) -> 44.257609 | I12: =H12/F12 -> 0.63071781 | J12: =B12/C12-1 -> 11.898305 | K12: =(B12/C12)^(4/(COUNT(Data1!BK11:BK241)-1))-1 -> 0.046721007
A14: Year-on-year % change statistics
A15: YoY = current quarter index ÷ same quarter prior year − 1.
A17: Series | B17: Latest YoY | C17: Mean YoY | D17: Median YoY | E17: Min YoY | F17: Max YoY | G17: Std Dev (YoY) | H17: Qtrs YoY > 5% | I17: Qtrs YoY > 10%
A18: Manufacturing division (all inputs) | B18: =Data1!B241/Data1!B237-1 -> 0.11583012 | C18: {=AVERAGE(IFERROR(Data1!B15:B241/Data1!B11:B237-1,""))} -> 0.052178774 | D18: {=MEDIAN(IFERROR(Data1!B15:B241/Data1!B11:B237-1,""))} -> 0.040201005 | E18: {=MIN(IFERROR(Data1!B15:B241/Data1!B11:B237-1,""))} -> -0.13489736 | F18: {=MAX(IFERROR(Data1!B15:B241/Data1!B11:B237-1,""))} -> 0.37899543 | G18: {=STDEV(IFERROR(Data1!B15:B241/Data1!B11:B237-1,""))} -> 0.076699284 | H18: {=SUMPRODUCT((Data1!B15:B241/Data1!B11:B237-1>0.05)*1)} -> 97 | I18: {=SUMPRODUCT((Data1!B15:B241/Data1!B11:B237-1>0.1)*1)} -> 48
A19: Imported materials | B19: =Data1!C241/Data1!C237-1 -> 0.065420561 | C19: {=AVERAGE(IFERROR(Data1!C15:C241/Data1!C11:C237-1,""))} -> 0.056786888 | D19: {=MEDIAN(IFERROR(Data1!C15:C241/Data1!C11:C237-1,""))} -> 0.033730159 | E19: {=MIN(IFERROR(Data1!C15:C241/Data1!C11:C237-1,""))} -> -0.16348548 | F19: {=MAX(IFERROR(Data1!C15:C241/Data1!C11:C237-1,""))} -> 0.59821429 | G19: {=STDEV(IFERROR(Data1!C15:C241/Data1!C11:C237-1,""))} -> 0.10581735 | H19: {=SUMPRODUCT((Data1!C15:C241/Data1!C11:C237-1>0.05)*1)} -> 94 | I19: {=SUMPRODUCT((Data1!C15:C241/Data1!C11:C237-1>0.1)*1)} -> 50
A20: Domestic materials | B20: =Data1!D241/Data1!D237-1 -> 0.13302752 | C20: {=AVERAGE(IFERROR(Data1!D15:D241/Data1!D11:D237-1,""))} -> 0.052283805 | D20: {=MEDIAN(IFERROR(Data1!D15:D241/Data1!D11:D237-1,""))} -> 0.040909091 | E20: {=MIN(IFERROR(Data1!D15:D241/Data1!D11:D237-1,""))} -> -0.17449664 | F20: {=MAX(IFERROR(Data1!D15:D241/Data1!D11:D237-1,""))} -> 0.5 | G20: {=STDEV(IFERROR(Data1!D15:D241/Data1!D11:D237-1,""))} -> 0.085635624 | H20: {=SUMPRODUCT((Data1!D15:D241/Data1!D11:D237-1>0.05)*1)} -> 97 | I20: {=SUMPRODUCT((Data1!D15:D241/Data1!D11:D237-1>0.1)*1)} -> 45
A21: Manufact. div. less petroleum | B21: =Data1!E241/Data1!E237-1 -> 0.12343358 | C21: {=AVERAGE(IFERROR(Data1!E15:E241/Data1!E11:E237-1,""))} -> 0.031865449 | D21: {=MEDIAN(IFERROR(Data1!E15:E241/Data1!E11:E237-1,""))} -> 0.030573248 | E21: {=MIN(IFERROR(Data1!E15:E241/Data1!E11:E237-1,""))} -> -0.1352657 | F21: {=MAX(IFERROR(Data1!E15:E241/Data1!E11:E237-1,""))} -> 0.16256158 | G21: {=STDEV(IFERROR(Data1!E15:E241/Data1!E11:E237-1,""))} -> 0.050195464 | H21: {=SUMPRODUCT(--(IFERROR(Data1!E15:E241/Data1!E11:E237-1,0)>0.05))} -> 45 | I21: {=SUMPRODUCT(--(IFERROR(Data1!E15:E241/Data1!E11:E237-1,0)>0.1))} -> 12
A22: Petroleum and coal products | B22: =Data1!AJ241/Data1!AJ237-1 -> 0.0075987842 | C22: {=AVERAGE(IFERROR(Data1!AJ15:AJ241/Data1!AJ11:AJ237-1,""))} -> 0.034410791 | D22: {=MEDIAN(IFERROR(Data1!AJ15:AJ241/Data1!AJ11:AJ237-1,""))} -> 0.030732861 | E22: {=MIN(IFERROR(Data1!AJ15:AJ241/Data1!AJ11:AJ237-1,""))} -> -0.1119334 | F22: {=MAX(IFERROR(Data1!AJ15:AJ241/Data1!AJ11:AJ237-1,""))} -> 0.21869328 | G22: {=STDEV(IFERROR(Data1!AJ15:AJ241/Data1!AJ11:AJ237-1,""))} -> 0.079251556 | H22: {=SUMPRODUCT(--(IFERROR(Data1!AJ15:AJ241/Data1!AJ11:AJ237-1,0)>0.05))} -> 40 | I22: {=SUMPRODUCT(--(IFERROR(Data1!AJ15:AJ241/Data1!AJ11:AJ237-1,0)>0.1))} -> 21
A23: Natural gas | B23: =Data1!BJ241/Data1!BJ237-1 -> -0.012130802 | C23: {=AVERAGE(IFERROR(Data1!BJ15:BJ241/Data1!BJ11:BJ237-1,""))} -> 0.051789556 | D23: {=MEDIAN(IFERROR(Data1!BJ15:BJ241/Data1!BJ11:BJ237-1,""))} -> 0.029471545 | E23: {=MIN(IFERROR(Data1!BJ15:BJ241/Data1!BJ11:BJ237-1,""))} -> -0.27932961 | F23: {=MAX(IFERROR(Data1!BJ15:BJ241/Data1!BJ11:BJ237-1,""))} -> 0.48291572 | G23: {=STDEV(IFERROR(Data1!BJ15:BJ241/Data1!BJ11:BJ237-1,""))} -> 0.11070261 | H23: {=SUMPRODUCT(--(IFERROR(Data1!BJ15:BJ241/Data1!BJ11:BJ237-1,0)>0.05))} -> 96 | I23: {=SUMPRODUCT(--(IFERROR(Data1!BJ15:BJ241/Data1!BJ11:BJ237-1,0)>0.1))} -> 49
A24: Electricity | B24: =Data1!BK241/Data1!BK237-1 -> -0.025608195 | C24: {=AVERAGE(IFERROR(Data1!BK15:BK241/Data1!BK11:BK237-1,""))} -> 0.049794662 | D24: {=MEDIAN(IFERROR(Data1!BK15:BK241/Data1!BK11:BK237-1,""))} -> 0.04379562 | E24: {=MIN(IFERROR(Data1!BK15:BK241/Data1!BK11:BK237-1,""))} -> -0.16594695 | F24: {=MAX(IFERROR(Data1!BK15:BK241/Data1!BK11:BK237-1,""))} -> 0.4265233 | G24: {=STDEV(IFERROR(Data1!BK15:BK241/Data1!BK11:BK237-1,""))} -> 0.077511008 | H24: {=SUMPRODUCT(--(IFERROR(Data1!BK15:BK241/Data1!BK11:BK237-1,0)>0.05))} -> 94 | I24: {=SUMPRODUCT(--(IFERROR(Data1!BK15:BK241/Data1!BK11:BK237-1,0)>0.1))} -> 40
A26: Correlation matrix — quarterly YoY % changes
A27: Pearson correlation of year-on-year % changes. Window: Mar 1970 onward (energy series start) except Petroleum & coal (from Sep 2001).
B29: Mfg division | C29: Imported mat. | D29: Domestic mat. | E29: Less petroleum | F29: Petroleum & coal | G29: Natural gas | H29: Electricity
A30: Mfg division | B30: 1 | C30: {=CORREL(Data1!B21:B241/Data1!B17:B237-1,Data1!C21:C241/Data1!C17:C237-1)} -> 0.713655 | D30: {=CORREL(Data1!B21:B241/Data1!B17:B237-1,Data1!D21:D241/Data1!D17:D237-1)} -> 0.93775327 | E30: {=CORREL(Data1!B91:B241/Data1!B87:B237-1,Data1!E91:E241/Data1!E87:E237-1)} -> 0.88124652 | F30: {=CORREL(Data1!B147:B241/Data1!B143:B237-1,Data1!AJ147:AJ241/Data1!AJ143:AJ237-1)} -> 0.71990912 | G30: {=CORREL(Data1!B21:B241/Data1!B17:B237-1,Data1!BJ21:BJ241/Data1!BJ17:BJ237-1)} -> 0.063430131 | H30: {=CORREL(Data1!B21:B241/Data1!B17:B237-1,Data1!BK21:BK241/Data1!BK17:BK237-1)} -> 0.11654782
A31: Imported materials | C31: 1 | D31: {=CORREL(Data1!C21:C241/Data1!C17:C237-1,Data1!D21:D241/Data1!D17:D237-1)} -> 0.43560891 | E31: {=CORREL(Data1!C91:C241/Data1!C87:C237-1,Data1!E91:E241/Data1!E87:E237-1)} -> 0.81188173 | F31: {=CORREL(Data1!C147:C241/Data1!C143:C237-1,Data1!AJ147:AJ241/Data1!AJ143:AJ237-1)} -> 0.81722625 | G31: {=CORREL(Data1!C21:C241/Data1!C17:C237-1,Data1!BJ21:BJ241/Data1!BJ17:BJ237-1)} -> 0.16861052 | H31: {=CORREL(Data1!C21:C241/Data1!C17:C237-1,Data1!BK21:BK241/Data1!BK17:BK237-1)} -> 0.24229814
A32: Domestic materials | D32: 1 | E32: {=CORREL(Data1!D91:D241/Data1!D87:D237-1,Data1!E91:E241/Data1!E87:E237-1)} -> 0.84293828 | F32: {=CORREL(Data1!D147:D241/Data1!D143:D237-1,Data1!AJ147:AJ241/Data1!AJ143:AJ237-1)} -> 0.60216118 | G32: {=CORREL(Data1!D21:D241/Data1!D17:D237-1,Data1!BJ21:BJ241/Data1!BJ17:BJ237-1)} -> 0.0053687243 | H32: {=CORREL(Data1!D21:D241/Data1!D17:D237-1,Data1!BK21:BK241/Data1!BK17:BK237-1)} -> 0.029744895
A33: Less petroleum | E33: 1 | F33: {=CORREL(Data1!E147:E241/Data1!E143:E237-1,Data1!AJ147:AJ241/Data1!AJ143:AJ237-1)} -> 0.49524101 | G33: {=CORREL(Data1!E91:E241/Data1!E87:E237-1,Data1!BJ91:BJ241/Data1!BJ87:BJ237-1)} -> 0.093321342 | H33: {=CORREL(Data1!E91:E241/Data1!E87:E237-1,Data1!BK91:BK241/Data1!BK87:BK237-1)} -> -0.017852671
A34: Petroleum & coal | F34: 1 | G34: {=CORREL(Data1!AJ147:AJ241/Data1!AJ143:AJ237-1,Data1!BJ147:BJ241/Data1!BJ143:BJ237-1)} -> 0.34066757 | H34: {=CORREL(Data1!AJ147:AJ241/Data1!AJ143:AJ237-1,Data1!BK147:BK241/Data1!BK143:BK237-1)} -> 0.37652415
A35: Natural gas | G35: 1 | H35: {=CORREL(Data1!BJ21:BJ241/Data1!BJ17:BJ237-1,Data1!BK21:BK241/Data1!BK17:BK237-1)} -> 0.54215359
A36: Electricity | H36: 1
A40: What the numbers show:
A41: Natural gas is the most volatile input cost (CV 69%, YoY std dev 11.1%, and 49 quarters with YoY >10% — the worst spike was +48% YoY).
A42: Electricity has grown +1190% since 1970, slightly faster than the Manufacturing division (+1521% since 1968) — but with much more volatility (CV 63% vs 57%).
A43: YoY correlation with overall manufacturing inputs: Natural gas 0.06, Electricity 0.12 — surprisingly weak at the headline level. Petroleum & coal is far more co-moving (0.72), which is why excluding petroleum (the "Manufact. div. less petroleum" series) materially smooths the headline.
A44: In the latest quarter (Sep-2025), headline manufacturing inputs rose +11.6% YoY while Electricity (-2.6%) and Natural gas (-1.2%) actually fell — the input-cost pressure right now is coming from non-energy sources.

Sheet Charts
A1: Energy Prices vs Manufacturing Input Costs — Time Series
A2: Source: ABS 6427.0 PPI Table 13. Index reference period 2011-12 = 100.0. Quarterly data, Sep 1968 to Sep 2025.
A50: Chart data block (linked to Data1)
A51: Quarter | B51: Manufacturing division | C51: Mfg. less petroleum | D51: Petroleum & coal | E51: Natural gas | F51: Electricity | H51: Quarter | I51: Manufacturing division | J51: Mfg. less petroleum | K51: Petroleum & coal | L51: Natural gas | M51: Electricity | O51: Quarter | P51: Manufacturing division | Q51: Mfg. less petroleum | R51: Petroleum & coal | S51: Natural gas | T51: Electricity
A52: =Data1!A11 -> 25082 | B52: =IF(ISBLANK(Data1!B11),NA(),Data1!B11) -> 10.7 | C52: =IF(ISBLANK(Data1!E11),NA(),Data1!E11) -> #N/A | D52: =IF(ISBLANK(Data1!AJ11),NA(),Data1!AJ11) -> #N/A | E52: =IF(ISBLANK(Data1!BJ11),NA(),Data1!BJ11) -> #N/A | F52: =IF(ISBLANK(Data1!BK11),NA(),Data1!BK11) -> #N/A | H52: =A52 -> 25082 | I52: =IF(ISNA(B52),NA(),B52/$B$58*100) -> 99.074074 | J52: {=IF(ISNA(C52),NA(),C52/INDEX($C$52:$C$282,MATCH(TRUE,INDEX(NOT(ISNA($C$52:$C$282)),0),0))*100)} -> #N/A | K52: {=IF(ISNA(D52),NA(),D52/INDEX($D$52:$D$282,MATCH(TRUE,INDEX(NOT(ISNA($D$52:$D$282)),0),0))*100)} -> #N/A | L52: =IF(ISNA(E52),NA(),E52/$E$58*100) -> #N/A | M52: =IF(ISNA(F52),NA(),F52/$F$58*100) -> #N/A | O52: =A52 -> 25082 | P52: #N/A | Q52: #N/A | R52: #N/A | S52: #N/A | T52: #N/A
A53: =Data1!A12 -> 25173 | B53: =IF(ISBLANK(Data1!B12),NA(),Data1!B12) -> 10.3 | C53: =IF(ISBLANK(Data1!E12),NA(),Data1!E12) -> #N/A | D53: =IF(ISBLANK(Data1!AJ12),NA(),Data1!AJ12) -> #N/A | E53: =IF(ISBLANK(Data1!BJ12),NA(),Data1!BJ12) -> #N/A | F53: =IF(ISBLANK(Data1!BK12),NA(),Data1!BK12) -> #N/A | H53: =A53 -> 25173 | I53: =IF(ISNA(B53),NA(),B53/$B$58*100) -> 95.37037 | J53: {=IF(ISNA(C53),NA(),C53/INDEX($C$52:$C$282,MATCH(TRUE,INDEX(NOT(ISNA($C$52:$C$282)),0),0))*100)} -> #N/A | K53: {=IF(ISNA(D53),NA(),D53/INDEX($D$52:$D$282,MATCH(TRUE,INDEX(NOT(ISNA($D$52:$D$282)),0),0))*100)} -> #N/A | L53: =IF(ISNA(E53),NA(),E53/$E$58*100) -> #N/A | M53: =IF(ISNA(F53),NA(),F53/$F$58*100) -> #N/A | O53: =A53 -> 25173 | P53: #N/A | Q53: #N/A | R53: #N/A | S53: #N/A | T53: #N/A
A54: =Data1!A13 -> 25263 | B54: =IF(ISBLANK(Data1!B13),NA(),Data1!B13) -> 10.5 | C54: =IF(ISBLANK(Data1!E13),NA(),Data1!E13) -> #N/A | D54: =IF(ISBLANK(Data1!AJ13),NA(),Data1!AJ13) -> #N/A | E54: =IF(ISBLANK(Data1!BJ13),NA(),Data1!BJ13) -> #N/A | F54: =IF(ISBLANK(Data1!BK13),NA(),Data1!BK13) -> #N/A | H54: =A54 -> 25263 | I54: =IF(ISNA(B54),NA(),B54/$B$58*100) -> 97.222222 | J54: {=IF(ISNA(C54),NA(),C54/INDEX($C$52:$C$282,MATCH(TRUE,INDEX(NOT(ISNA($C$52:$C$282)),0),0))*100)} -> #N/A | K54: {=IF(ISNA(D54),NA(),D54/INDEX($D$52:$D$282,MATCH(TRUE,INDEX(NOT(ISNA($D$52:$D$282)),0),0))*100)} -> #N/A | L54: =IF(ISNA(E54),NA(),E54/$E$58*100) -> #N/A | M54: =IF(ISNA(F54),NA(),F54/$F$58*100) -> #N/A | O54: =A54 -> 25263 | P54: #N/A | Q54: #N/A | R54: #N/A | S54: #N/A | T54: #N/A
A55: =Data1!A14 -> 25355 | B55: =IF(ISBLANK(Data1!B14),NA(),Data1!B14) -> 10.8 | C55: =IF(ISBLANK(Data1!E14),NA(),Data1!E14) -> #N/A | D55: =IF(ISBLANK(Data1!AJ14),NA(),Data1!AJ14) -> #N/A | E55: =IF(ISBLANK(Data1!BJ14),NA(),Data1!BJ14) -> #N/A | F55: =IF(ISBLANK(Data1!BK14),NA(),Data1!BK14) -> #N/A | H55: =A55 -> 25355 | I55: =IF(ISNA(B55),NA(),B55/$B$58*100) -> 100 | J55: {=IF(ISNA(C55),NA(),C55/INDEX($C$52:$C$282,MATCH(TRUE,INDEX(NOT(ISNA($C$52:$C$282)),0),0))*100)} -> #N/A | K55: {=IF(ISNA(D55),NA(),D55/INDEX($D$52:$D$282,MATCH(TRUE,INDEX(NOT(ISNA($D$52:$D$282)),0),0))*100)} -> #N/A | L55: =IF(ISNA(E55),NA(),E55/$E$58*100) -> #N/A | M55: =IF(ISNA(F55),NA(),F55/$F$58*100) -> #N/A | O55: =A55 -> 25355 | P55: #N/A | Q55: #N/A | R55: #N/A | S55: #N/A | T55: #N/A
A56: =Data1!A15 -> 25447 | B56: =IF(ISBLANK(Data1!B15),NA(),Data1!B15) -> 10.9 | C56: =IF(ISBLANK(Data1!E15),NA(),Data1!E15) -> #N/A | D56: =IF(ISBLANK(Data1!AJ15),NA(),Data1!AJ15) -> #N/A | E56: =IF(ISBLANK(Data1!BJ15),NA(),Data1!BJ15) -> #N/A | F56: =IF(ISBLANK(Data1!BK15),NA(),Data1!BK15) -> #N/A | H56: =A56 -> 25447 | I56: =IF(ISNA(B56),NA(),B56/$B$58*100) -> 100.92593 | J56: {=IF(ISNA(C56),NA(),C56/INDEX($C$52:$C$282,MATCH(TRUE,INDEX(NOT(ISNA($C$52:$C$282)),0),0))*100)} -> #N/A | K56: {=IF(ISNA(D56),NA(),D56/INDEX($D$52:$D$282,MATCH(TRUE,INDEX(NOT(ISNA($D$52:$D$282)),0),0))*100)} -> #N/A | L56: =IF(ISNA(E56),NA(),E56/$E$58*100) -> #N/A | M56: =IF(ISNA(F56),NA(),F56/$F$58*100) -> #N/A | O56: =A56 -> 25447 | P56: =IFERROR(IF(OR(ISNA(B56),ISNA(B52)),NA(),B56/B52-1),NA()) -> 0.018691589 | Q56: =IFERROR(IF(OR(ISNA(C56),ISNA(C52)),NA(),C56/C52-1),NA()) -> #N/A | R56: =IFERROR(IF(OR(ISNA(D56),ISNA(D52)),NA(),D56/D52-1),NA()) -> #N/A | S56: =IFERROR(IF(OR(ISNA(E56),ISNA(E52)),NA(),E56/E52-1),NA()) -> #N/A | T56: =IFERROR(IF(OR(ISNA(F56),ISNA(F52)),NA(),F56/F52-1),NA()) -> #N/A
A57: =Data1!A16 -> 25538 | B57: =IF(ISBLANK(Data1!B16),NA(),Data1!B16) -> 10.7 | C57: =IF(ISBLANK(Data1!E16),NA(),Data1!E16) -> #N/A | D57: =IF(ISBLANK(Data1!AJ16),NA(),Data1!AJ16) -> #N/A | E57: =IF(ISBLANK(Data1!BJ16),NA(),Data1!BJ16) -> #N/A | F57: =IF(ISBLANK(Data1!BK16),NA(),Data1!BK16) -> #N/A | H57: =A57 -> 25538 | I57: =IF(ISNA(B57),NA(),B57/$B$58*100) -> 99.074074 | J57: {=IF(ISNA(C57),NA(),C57/INDEX($C$52:$C$282,MATCH(TRUE,INDEX(NOT(ISNA($C$52:$C$282)),0),0))*100)} -> #N/A | K57: {=IF(ISNA(D57),NA(),D57/INDEX($D$52:$D$282,MATCH(TRUE,INDEX(NOT(ISNA($D$52:$D$282)),0),0))*100)} -> #N/A | L57: =IF(ISNA(E57),NA(),E57/$E$58*100) -> #N/A | M57: =IF(ISNA(F57),NA(),F57/$F$58*100) -> #N/A | O57: =A57 -> 25538 | P57: =IFERROR(IF(OR(ISNA(B57),ISNA(B53)),NA(),B57/B53-1),NA()) -> 0.038834951 | Q57: =IFERROR(IF(OR(ISNA(C57),ISNA(C53)),NA(),C57/C53-1),NA()) -> #N/A | R57: =IFERROR(IF(OR(ISNA(D57),ISNA(D53)),NA(),D57/D53-1),NA()) -> #N/A | S57: =IFERROR(IF(OR(ISNA(E57),ISNA(E53)),NA(),E57/E53-1),NA()) -> #N/A | T57: =IFERROR(IF(OR(ISNA(F57),ISNA(F53)),NA(),F57/F53-1),NA()) -> #N/A
A58: =Data1!A17 -> 25628 | B58: =IF(ISBLANK(Data1!B17),NA(),Data1!B17) -> 10.8 | C58: =IF(ISBLANK(Data1!E17),NA(),Data1!E17) -> #N/A | D58: =IF(ISBLANK(Data1!AJ17),NA(),Data1!AJ17) -> #N/A | E58: =IF(ISBLANK(Data1!BJ17),NA(),Data1!BJ17) -> 17.9 | F58: =IF(ISBLANK(Data1!BK17),NA(),Data1!BK17) -> 11.8 | H58: =A58 -> 25628 | I58: =IF(ISNA(B58),NA(),B58/$B$58*100) -> 100 | J58: {=IF(ISNA(C58),NA(),C58/INDEX($C$52:$C$282,MATCH(TRUE,INDEX(NOT(ISNA($C$52:$C$282)),0),0))*100)} -> #N/A | K58: {=IF(ISNA(D58),NA(),D58/INDEX($D$52:$D$282,MATCH(TRUE,INDEX(NOT(ISNA($D$52:$D$282)),0),0))*100)} -> #N/A | L58: =IF(ISNA(E58),NA(),E58/$E$58*100) -> 100 | M58: =IF(ISNA(F58),NA(),F58/$F$58*100) -> 100 | O58: =A58 -> 25628 | P58: =IFERROR(IF(OR(ISNA(B58),ISNA(B54)),NA(),B58/B54-1),NA()) -> 0.028571429 | Q58: =IFERROR(IF(OR(ISNA(C58),ISNA(C54)),NA(),C58/C54-1),NA()) -> #N/A | R58: =IFERROR(IF(OR(ISNA(D58),ISNA(D54)),NA(),D58/D54-1),NA()) -> #N/A | S58: =IFERROR(IF(OR(ISNA(E58),ISNA(E54)),NA(),E58/E54-1),NA()) -> #N/A | T58: =IFERROR(IF(OR(ISNA(F58),ISNA(F54)),NA(),F58/F54-1),NA()) -> #N/A
A59: =Data1!A18 -> 25720 | B59: =IF(ISBLANK(Data1!B18),NA(),Data1!B18) -> 10.9 | C59: =IF(ISBLANK(Data1!E18),NA(),Data1!E18) -> #N/A | D59: =IF(ISBLANK(Data1!AJ18),NA(),Data1!AJ18) -> #N/A | E59: =IF(ISBLANK(Data1!BJ18),NA(),Data1!BJ18) -> 15.6 | F59: =IF(ISBLANK(Data1!BK18),NA(),Data1!BK18) -> 12 | H59: =A59 -> 25720 | I59: =IF(ISNA(B59),NA(),B59/$B$58*100) -> 100.92593 | J59: {=IF(ISNA(C59),NA(),C59/INDEX($C$52:$C$282,MATCH(TRUE,INDEX(NOT(ISNA($C$52:$C$282)),0),0))*100)} -> #N/A | K59: {=IF(ISNA(D59),NA(),D59/INDEX($D$52:$D$282,MATCH(TRUE,INDEX(NOT(ISNA($D$52:$D$282)),0),0))*100)} -> #N/A | L59: =IF(ISNA(E59),NA(),E59/$E$58*100) -> 87.150838 | M59: =IF(ISNA(F59),NA(),F59/$F$58*100) -> 101.69492 | O59: =A59 -> 25720 | P59: =IFERROR(IF(OR(ISNA(B59),ISNA(B55)),NA(),B59/B55-1),NA()) -> 0.0092592593 | Q59: =IFERROR(IF(OR(ISNA(C59),ISNA(C55)),NA(),C59/C55-1),NA()) -> #N/A | R59: =IFERROR(IF(OR(ISNA(D59),ISNA(D55)),NA(),D59/D55-1),NA()) -> #N/A | S59: =IFERROR(IF(OR(ISNA(E59),ISNA(E55)),NA(),E59/E55-1),NA()) -> #N/A | T59: =IFERROR(IF(OR(ISNA(F59),ISNA(F55)),NA(),F59/F55-1),NA()) -> #N/A
A60: =Data1!A19 -> 25812 | B60: =IF(ISBLANK(Data1!B19),NA(),Data1!B19) -> 10.7 | C60: =IF(ISBLANK(Data1!E19),NA(),Data1!E19) -> #N/A | D60: =IF(ISBLANK(Data1!AJ19),NA(),Data1!AJ19) -> #N/A | E60: =IF(ISBLANK(Data1!BJ19),NA(),Data1!BJ19) -> 14.7 | F60: =IF(ISBLANK(Data1!BK19),NA(),Data1!BK19) -> 12.3 | H60: =A60 -> 25812 | I60: =IF(ISNA(B60),NA(),B60/$B$58*100) -> 99.074074 | J60: {=IF(ISNA(C60),NA(),C60/INDEX($C$52:$C$282,MATCH(TRUE,INDEX(NOT(ISNA($C$52:$C$282)),0),0))*100)} -> #N/A | K60: {=IF(ISNA(D60),NA(),D60/INDEX($D$52:$D$282,MATCH(TRUE,INDEX(NOT(ISNA($D$52:$D$282)),0),0))*100)} -> #N/A | L60: =IF(ISNA(E60),NA(),E60/$E$58*100) -> 82.122905 | M60: =IF(ISNA(F60),NA(),F60/$F$58*100) -> 104.23729 | O60: =A60 -> 25812 | P60: =IFERROR(IF(OR(ISNA(B60),ISNA(B56)),NA(),B60/B56-1),NA()) -> -0.018348624 | Q60: =IFERROR(IF(OR(ISNA(C60),ISNA(C56)),NA(),C60/C56-1),NA()) -> #N/A | R60: =IFERROR(IF(OR(ISNA(D60),ISNA(D56)),NA(),D60/D56-1),NA()) -> #N/A | S60: =IFERROR(IF(OR(ISNA(E60),ISNA(E56)),NA(),E60/E56-1),NA()) -> #N/A | T60: =IFERROR(IF(OR(ISNA(F60),ISNA(F56)),NA(),F60/F56-1),NA()) -> #N/A
A61: =Data1!A20 -> 25903 | B61: =IF(ISBLANK(Data1!B20),NA(),Data1!B20) -> 10.4 | C61: =IF(ISBLANK(Data1!E20),NA(),Data1!E20) -> #N/A | D61: =IF(ISBLANK(Data1!AJ20),NA(),Data1!AJ20) -> #N/A | E61: =IF(ISBLANK(Data1!BJ20),NA(),Data1!BJ20) -> 13.7 | F61: =IF(ISBLANK(Data1!BK20),NA(),Data1!BK20) -> 12.2 | H61: =A61 -> 25903 | I61: =IF(ISNA(B61),NA(),B61/$B$58*100) -> 96.296296 | J61: {=IF(ISNA(C61),NA(),C61/INDEX($C$52:$C$282,MATCH(TRUE,INDEX(NOT(ISNA($C$52:$C$282)),0),0))*100)} -> #N/A | K61: {=IF(ISNA(D61),NA(),D61/INDEX($D$52:$D$282,MATCH(TRUE,INDEX(NOT(ISNA($D$52:$D$282)),0),0))*100)} -> #N/A | L61: =IF(ISNA(E61),NA(),E61/$E$58*100) -> 76.536313 | M61: =IF(ISNA(F61),NA(),F61/$F$58*100) -> 103.38983 | O61: =A61 -> 25903 | P61: =IFERROR(IF(OR(ISNA(B61),ISNA(B57)),NA(),B61/B57-1),NA()) -> -0.028037383 | Q61: =IFERROR(IF(OR(ISNA(C61),ISNA(C57)),NA(),C61/C57-1),NA()) -> #N/A | R61: =IFERROR(IF(OR(ISNA(D61),ISNA(D57)),NA(),D61/D57-1),NA()) -> #N/A | S61: =IFERROR(IF(OR(ISNA(E61),ISNA(E57)),NA(),E61/E57-1),NA()) -> #N/A | T61: =IFERROR(IF(OR(ISNA(F61),ISNA(F57)),NA(),F61/F57-1),NA()) -> #N/A
A62: =Data1!A21 -> 25993 | B62: =IF(ISBLANK(Data1!B21),NA(),Data1!B21) -> 10.6 | C62: =IF(ISBLANK(Data1!E21),NA(),Data1!E21) -> #N/A | D62: =IF(ISBLANK(Data1!AJ21),NA(),Data1!AJ21) -> #N/A | E62: =IF(ISBLANK(Data1!BJ21),NA(),Data1!BJ21) -> 12.9 | F62: =IF(ISBLANK(Data1!BK21),NA(),Data1!BK21) -> 12.2 | H62: =A62 -> 25993 | I62: =IF(ISNA(B62),NA(),B62/$B$58*100) -> 98.148148 | J62: {=IF(ISNA(C62),NA(),C62/INDEX($C$52:$C$282,MATCH(TRUE,INDEX(NOT(ISNA($C$52:$C$282)),0),0))*100)} -> #N/A | K62: {=IF(ISNA(D62),NA(),D62/INDEX($D$52:$D$282,MATCH(TRUE,INDEX(NOT(ISNA($D$52:$D$282)),0),0))*100)} -> #N/A | L62: =IF(ISNA(E62),NA(),E62/$E$58*100) -> 72.067039 | M62: =IF(ISNA(F62),NA(),F62/$F$58*100) -> 103.38983 | O62: =A62 -> 25993 | P62: =IFERROR(IF(OR(ISNA(B62),ISNA(B58)),NA(),B62/B58-1),NA()) -> -0.018518519 | Q62: =IFERROR(IF(OR(ISNA(C62),ISNA(C58)),NA(),C62/C58-1),NA()) -> #N/A | R62: =IFERROR(IF(OR(ISNA(D62),ISNA(D58)),NA(),D62/D58-1),NA()) -> #N/A | S62: =IFERROR(IF(OR(ISNA(E62),ISNA(E58)),NA(),E62/E58-1),NA()) -> -0.27932961 | T62: =IFERROR(IF(OR(ISNA(F62),ISNA(F58)),NA(),F62/F58-1),NA()) -> 0.033898305
A63: =Data1!A22 -> 26085 | B63: =IF(ISBLANK(Data1!B22),NA(),Data1!B22) -> 10.7 | C63: =IF(ISBLANK(Data1!E22),NA(),Data1!E22) -> #N/A | D63: =IF(ISBLANK(Data1!AJ22),NA(),Data1!AJ22) -> #N/A | E63: =IF(ISBLANK(Data1!BJ22),NA(),Data1!BJ22) -> 12.7 | F63: =IF(ISBLANK(Data1!BK22),NA(),Data1!BK22) -> 12.2 | H63: =A63 -> 26085 | I63: =IF(ISNA(B63),NA(),B63/$B$58*100) -> 99.074074 | J63: {=IF(ISNA(C63),NA(),C63/INDEX($C$52:$C$282,MATCH(TRUE,INDEX(NOT(ISNA($C$52:$C$282)),0),0))*100)} -> #N/A | K63: {=IF(ISNA(D63),NA(),D63/INDEX($D$52:$D$282,MATCH(TRUE,INDEX(NOT(ISNA($D$52:$D$282)),0),0))*100)} -> #N/A | L63: =IF(ISNA(E63),NA(),E63/$E$58*100) -> 70.949721 | M63: =IF(ISNA(F63),NA(),F63/$F$58*100) -> 103.38983 | O63: =A63 -> 26085 | P63: =IFERROR(IF(OR(ISNA(B63),ISNA(B59)),NA(),B63/B59-1),NA()) -> -0.018348624 | Q63: =IFERROR(IF(OR(ISNA(C63),ISNA(C59)),NA(),C63/C59-1),NA()) -> #N/A | R63: =IFERROR(IF(OR(ISNA(D63),ISNA(D59)),NA(),D63/D59-1),NA()) -> #N/A | S63: =IFERROR(IF(OR(ISNA(E63),ISNA(E59)),NA(),E63/E59-1),NA()) -> -0.18589744 | T63: =IFERROR(IF(OR(ISNA(F63),ISNA(F59)),NA(),F63/F59-1),NA()) -> 0.016666667
A64: =Data1!A23 -> 26177 | B64: =IF(ISBLANK(Data1!B23),NA(),Data1!B23) -> 11 | C64: =IF(ISBLANK(Data1!E23),NA(),Data1!E23) -> #N/A | D64: =IF(ISBLANK(Data1!AJ23),NA(),Data1!AJ23) -> #N/A | E64: =IF(ISBLANK(Data1!BJ23),NA(),Data1!BJ23) -> 13 | F64: =IF(ISBLANK(Data1!BK23),NA(),Data1!BK23) -> 12.4 | H64: =A64 -> 26177 | I64: =IF(ISNA(B64),NA(),B64/$B$58*100) -> 101.85185 | J64: {=IF(ISNA(C64),NA(),C64/INDEX($C$52:$C$282,MATCH(TRUE,INDEX(NOT(ISNA($C$52:$C$282)),0),0))*100)} -> #N/A | K64: {=IF(ISNA(D64),NA(),D64/INDEX($D$52:$D$282,MATCH(TRUE,INDEX(NOT(ISNA($D$52:$D$282)),0),0))*100)} -> #N/A | L64: =IF(ISNA(E64),NA(),E64/$E$58*100) -> 72.625698 | M64: =IF(ISNA(F64),NA(),F64/$F$58*100) -> 105.08475 | O64: =A64 -> 26177 | P64: =IFERROR(IF(OR(ISNA(B64),ISNA(B60)),NA(),B64/B60-1),NA()) -> 0.028037383 | Q64: =IFERROR(IF(OR(ISNA(C64),ISNA(C60)),NA(),C64/C60-1),NA()) -> #N/A | R64: =IFERROR(IF(OR(ISNA(D64),ISNA(D60)),NA(),D64/D60-1),NA()) -> #N/A | S64: =IFERROR(IF(OR(ISNA(E64),ISNA(E60)),NA(),E64/E60-1),NA()) -> -0.11564626 | T64: =IFERROR(IF(OR(ISNA(F64),ISNA(F60)),NA(),F64/F60-1),NA()) -> 0.0081300813
A65: =Data1!A24 -> 26268 | B65: =IF(ISBLANK(Data1!B24),NA(),Data1!B24) -> 10.7 | C65: =IF(ISBLANK(Data1!E24),NA(),Data1!E24) -> #N/A | D65: =IF(ISBLANK(Data1!AJ24),NA(),Data1!AJ24) -> #N/A | E65: =IF(ISBLANK(Data1!BJ24),NA(),Data1!BJ24) -> 12.1 | F65: =IF(ISBLANK(Data1!BK24),NA(),Data1!BK24) -> 12.4 | H65: =A65 -> 26268 | I65: =IF(ISNA(B65),NA(),B65/$B$58*100) -> 99.074074 | J65: {=IF(ISNA(C65),NA(),C65/INDEX($C$52:$C$282,MATCH(TRUE,INDEX(NOT(ISNA($C$52:$C$282)),0),0))*100)} -> #N/A | K65: {=IF(ISNA(D65),NA(),D65/INDEX($D$52:$D$282,MATCH(TRUE,INDEX(NOT(ISNA($D$52:$D$282)),0),0))*100)} -> #N/A | L65: =IF(ISNA(E65),NA(),E65/$E$58*100) -> 67.597765 | M65: =IF(ISNA(F65),NA(),F65/$F$58*100) -> 105.08475 | O65: =A65 -> 26268 | P65: =IFERROR(IF(OR(ISNA(B65),ISNA(B61)),NA(),B65/B61-1),NA()) -> 0.028846154 | Q65: =IFERROR(IF(OR(ISNA(C65),ISNA(C61)),NA(),C65/C61-1),NA()) -> #N/A | R65: =IFERROR(IF(OR(ISNA(D65),ISNA(D61)),NA(),D65/D61-1),NA()) -> #N/A | S65: =IFERROR(IF(OR(ISNA(E65),ISNA(E61)),NA(),E65/E61-1),NA()) -> -0.11678832 | T65: =IFERROR(IF(OR(ISNA(F65),ISNA(F61)),NA(),F65/F61-1),NA()) -> 0.016393443
A66: =Data1!A25 -> 26359 | B66: =IF(ISBLANK(Data1!B25),NA(),Data1!B25) -> 10.8 | C66: =IF(ISBLANK(Data1!E25),NA(),Data1!E25) -> #N/A | D66: =IF(ISBLANK(Data1!AJ25),NA(),Data1!AJ25) -> #N/A | E66: =IF(ISBLANK(Data1!BJ25),NA(),Data1!BJ25) -> 12.1 | F66: =IF(ISBLANK(Data1!BK25),NA(),Data1!BK25) -> 12.7 | H66: =A66 -> 26359 | I66: =IF(ISNA(B66),NA(),B66/$B$58*100) -> 100 | J66: {=IF(ISNA(C66),NA(),C66/INDEX($C$52:$C$282,MATCH(TRUE,INDEX(NOT(ISNA($C$52:$C$282)),0),0))*100)} -> #N/A | K66: {=IF(ISNA(D66),NA(),D66/INDEX($D$52:$D$282,MATCH(TRUE,INDEX(NOT(ISNA($D$52:$D$282)),0),0))*100)} -> #N/A | L66: =IF(ISNA(E66),NA(),E66/$E$58*100) -> 67.597765 | M66: =IF(ISNA(F66),NA(),F66/$F$58*100) -> 107.62712 | O66: =A66 -> 26359 | P66: =IFERROR(IF(OR(ISNA(B66),ISNA(B62)),NA(),B66/B62-1),NA()) -> 0.018867925 | Q66: =IFERROR(IF(OR(ISNA(C66),ISNA(C62)),NA(),C66/C62-1),NA()) -> #N/A | R66: =IFERROR(IF(OR(ISNA(D66),ISNA(D62)),NA(),D66/D62-1),NA()) -> #N/A | S66: =IFERROR(IF(OR(ISNA(E66),ISNA(E62)),NA(),E66/E62-1),NA()) -> -0.062015504 | T66: =IFERROR(IF(OR(ISNA(F66),ISNA(F62)),NA(),F66/F62-1),NA()) -> 0.040983607
A67: =Data1!A26 -> 26451 | B67: =IF(ISBLANK(Data1!B26),NA(),Data1!B26) -> 10.9 | C67: =IF(ISBLANK(Data1!E26),NA(),Data1!E26) -> #N/A | D67: =IF(ISBLANK(Data1!AJ26),NA(),Data1!AJ26) -> #N/A | E67: =IF(ISBLANK(Data1!BJ26),NA(),Data1!BJ26) -> 11.3 | F67: =IF(ISBLANK(Data1!BK26),NA(),Data1!BK26) -> 12.5 | H67: =A67 -> 26451 | I67: =IF(ISNA(B67),NA(),B67/$B$58*100) -> 100.92593 | J67: {=IF(ISNA(C67),NA(),C67/INDEX($C$52:$C$282,MATCH(TRUE,INDEX(NOT(ISNA($C$52:$C$282)),0),0))*100)} -> #N/A | K67: {=IF(ISNA(D67),NA(),D67/INDEX($D$52:$D$282,MATCH(TRUE,INDEX(NOT(ISNA($D$52:$D$282)),0),0))*100)} -> #N/A | L67: =IF(ISNA(E67),NA(),E67/$E$58*100) -> 63.128492 | M67: =IF(ISNA(F67),NA(),F67/$F$58*100) -> 105.9322 | O67: =A67 -> 26451 | P67: =IFERROR(IF(OR(ISNA(B67),ISNA(B63)),NA(),B67/B63-1),NA()) -> 0.018691589 | Q67: =IFERROR(IF(OR(ISNA(C67),ISNA(C63)),NA(),C67/C63-1),NA()) -> #N/A | R67: =IFERROR(IF(OR(ISNA(D67),ISNA(D63)),NA(),D67/D63-1),NA()) -> #N/A | S67: =IFERROR(IF(OR(ISNA(E67),ISNA(E63)),NA(),E67/E63-1),NA()) -> -0.11023622 | T67: =IFERROR(IF(OR(ISNA(F67),ISNA(F63)),NA(),F67/F63-1),NA()) -> 0.024590164
... A282: =Data1!A241 -> 46082 | B282: =IF(ISBLANK(Data1!B241),NA(),Data1!B241) -> 173.4 | C282: =IF(ISBLANK(Data1!E241),NA(),Data1!E241) -> 179.3 | D282: =IF(ISBLANK(Data1!AJ241),NA(),Data1!AJ241) -> 132.6 | E282: =IF(ISBLANK(Data1!BJ241),NA(),Data1!BJ241) -> 187.3 | F282: =IF(ISBLANK(Data1!BK241),NA(),Data1!BK241) -> 152.2 | H282: =A282 -> 46082 | I282: =IF(ISNA(B282),NA(),B282/$B$58*100) -> 1605.5556 | J282: {=IF(ISNA(C282),NA(),C282/INDEX($C$52:$C$282,MATCH(TRUE,INDEX(NOT(ISNA($C$52:$C$282)),0),0))*100)} -> 341.52381 | K282: {=IF(ISNA(D282),NA(),D282/INDEX($D$52:$D$282,MATCH(TRUE,INDEX(NOT(ISNA($D$52:$D$282)),0),0))*100)} -> 209.14826 | L282: =IF(ISNA(E282),NA(),E282/$E$58*100) -> 1046.3687 | M282: =IF(ISNA(F282),NA(),F282/$F$58*100) -> 1289.8305 | O282: =A282 -> 46082 | P282: =IFERROR(IF(OR(ISNA(B282),ISNA(B278)),NA(),B282/B278-1),NA()) -> 0.11583012 | Q282: =IFERROR(IF(OR(ISNA(C282),ISNA(C278)),NA(),C282/C278-1),NA()) -> 0.12343358 | R282: =IFERROR(IF(OR(ISNA(D282),ISNA(D278)),NA(),D282/D278-1),NA()) -> 0.0075987842 | S282: =IFERROR(IF(OR(ISNA(E282),ISNA(E278)),NA(),E282/E278-1),NA()) -> -0.012130802 | T282: =IFERROR(IF(OR(ISNA(F282),ISNA(F278)),NA(),F282/F278-1),NA()) -> -0.025608195
